Temps,x,y,z
0.0,0.0,0.0,-0.4513148904897256
0.03125,0.024541228522912288,0.0,-0.488940533105101
0.0625,0.049067674327418015,0.0,-0.5660418909497087
0.09375,0.07356456359966743,0.0,-0.5693749360170732
0.125,0.0980171403295606,0.0,-0.5514935511929712
0.15625,0.1224106751992162,0.0,-0.6284590843622877
0.1875,0.14673047445536175,0.0,-0.5072660026931622
0.21875,0.17096188876030122,0.0,-0.47105231529669606
0.25,0.19509032201612825,0.0,-0.2645640155188872
0.28125,0.2191012401568698,0.0,-0.3349276632607659
0.3125,0.24298017990326387,0.0,-0.1712558480350954
0.34375,0.26671275747489837,0.0,-0.1949880463482751
0.375,0.29028467725446233,0.0,-0.04032655433562486
0.40625,0.3136817403988915,0.0,-0.19872142679569132
0.4375,0.33688985339222005,0.0,-0.32023162628131185
0.46875,0.3598950365349881,0.0,-0.13969740452153334
0.5,0.3826834323650898,0.0,-0.008931722811367046
0.53125,0.40524131400498986,0.0,0.0964470189213283
0.5625,0.4275550934302821,0.0,-0.0771644361581396
0.59375,0.44961132965460654,0.0,-0.05609461840632683
0.625,0.47139673682599764,0.0,-0.07934347231638852
0.65625,0.49289819222978404,0.0,0.0062386643346251415
0.6875,0.5141027441932217,0.0,-0.22579022298079993
0.71875,0.5349976198870972,0.0,-0.09859096138634404
0.75,0.5555702330196022,0.0,0.060434878629404026
0.78125,0.5758081914178453,0.0,-0.21896945522317204
0.8125,0.5956993044924334,0.0,-0.19905524550208656
0.84375,0.6152315905806268,0.0,-0.22579410721374024
0.875,0.6343932841636455,0.0,-0.06090401635582249
0.90625,0.6531728429537768,0.0,-0.24321529519217394
0.9375,0.6715589548470183,0.0,-0.30064390460514734
0.96875,0.6895405447370668,0.0,-0.30225607853553327
1.0,0.7071067811865476,0.0,-0.3890459083415433
1.03125,0.7242470829514669,0.0,-0.377095593125328
1.0625,0.7409511253549591,0.0,-0.6790632142240798
1.09375,0.7572088465064846,0.0,-0.4591330186177345
1.125,0.7730104533627369,0.0,-0.5626877810648694
1.15625,0.7883464276266062,0.0,-0.6724128020971494
1.1875,0.8032075314806448,0.0,-0.8274835404300117
1.21875,0.8175848131515837,0.0,-0.70314522692703
1.25,0.8314696123025452,0.0,-0.5389578492857225
1.28125,0.844853565249707,0.0,-0.542370430650848
1.3125,0.8577286100002721,0.0,-0.32750091475760973
1.34375,0.8700869911087113,0.0,-0.27613029533221234
1.375,0.8819212643483549,0.0,0.14657779848358699
1.40625,0.8932243011955153,0.0,0.17665433681347953
1.4375,0.9039892931234433,0.0,0.2284744957779174
1.46875,0.9142097557035307,0.0,0.41319254681928963
1.5,0.9238795325112867,0.0,0.3363253668601924
1.53125,0.9329927988347388,0.0,0.36909660507143277
1.5625,0.9415440651830208,0.0,0.2677048103143034
1.59375,0.9495281805930367,0.0,0.09610898024771075
1.625,0.9569403357322089,0.0,0.02666106352014716
1.65625,0.9637760657954398,0.0,-0.0841676192308127
1.6875,0.970031253194544,0.0,-0.1802725660123391
1.71875,0.9757021300385286,0.0,-0.4151969210024069
1.75,0.9807852804032304,0.0,-0.5704259510374828
1.78125,0.9852776423889412,0.0,-0.6539767024300445
1.8125,0.989176509964781,0.0,-0.5259822221565604
1.84375,0.99247953459871,0.0,-0.4208474593124777
1.875,0.9951847266721968,0.0,-0.40746264319540054
1.90625,0.9972904566786902,0.0,-0.25699570817511885
1.9375,0.9987954562051724,0.0,-0.17796619047194187
1.96875,0.9996988186962042,0.0,-0.1298100817686152
2.0,1.0,0.0,-0.40816660886678546
2.03125,0.9996988186962042,0.0,-0.2130262411995217
2.0625,0.9987954562051724,0.0,-0.12718204398519828
2.09375,0.9972904566786902,0.0,-0.1876303870852106
2.125,0.9951847266721969,0.0,-0.3784344535132757
2.15625,0.99247953459871,0.0,-0.33390648142588486
2.1875,0.989176509964781,0.0,-0.04312673895122285
2.21875,0.9852776423889412,0.0,-0.12384784079483882
2.25,0.9807852804032304,0.0,-0.17113809495764845
2.28125,0.9757021300385286,0.0,-0.12606518449031995
2.3125,0.970031253194544,0.0,0.09582821921512895
2.34375,0.9637760657954398,0.0,-0.08304045376059847
2.375,0.9569403357322089,0.0,-0.0383241803224782
2.40625,0.9495281805930367,0.0,-0.054897512708747785
2.4375,0.9415440651830208,0.0,0.1396214367178334
2.46875,0.9329927988347388,0.0,0.08791533729967671
2.5,0.9238795325112867,0.0,-0.2448384255824329
2.53125,0.9142097557035307,0.0,-0.223721354867462
2.5625,0.9039892931234434,0.0,-0.1121735535837429
2.59375,0.8932243011955152,0.0,-0.024941271399962273
2.625,0.881921264348355,0.0,0.05074007147199215
2.65625,0.8700869911087115,0.0,0.22866989760559225
2.6875,0.8577286100002721,0.0,0.4123817432500869
2.71875,0.8448535652497072,0.0,0.44215648395704726
2.75,0.8314696123025453,0.0,0.28844316476998555
2.78125,0.8175848131515837,0.0,0.15068597881265294
2.8125,0.8032075314806449,0.0,0.3573890598180271
2.84375,0.7883464276266063,0.0,0.48706395617956444
2.875,0.7730104533627371,0.0,0.5991449860386724
2.90625,0.7572088465064847,0.0,0.48793672922980025
2.9375,0.740951125354959,0.0,0.5247458226874788
2.96875,0.7242470829514669,0.0,0.5302334859244053
3.0,0.7071067811865476,0.0,0.41745768511423764
3.03125,0.689540544737067,0.0,0.42075917639092525
3.0625,0.6715589548470186,0.0,0.4852311526265354
3.09375,0.6531728429537766,0.0,0.5357769454102885
3.125,0.6343932841636455,0.0,0.3190369249188454
3.15625,0.6152315905806269,0.0,0.3479828510927124
3.1875,0.5956993044924335,0.0,0.10527834806417904
3.21875,0.5758081914178454,0.0,0.22169334586935818
3.25,0.5555702330196022,0.0,0.05360095149696958
3.28125,0.5349976198870972,0.0,0.05078376373926102
3.3125,0.5141027441932218,0.0,-0.17468162670209963
3.34375,0.49289819222978415,0.0,-0.32755467387328474
3.375,0.4713967368259978,0.0,-0.2863231774873474
3.40625,0.4496113296546069,0.0,-0.349631826053934
3.4375,0.42755509343028203,0.0,-0.2151658814524461
3.46875,0.4052413140049899,0.0,-0.3758069764717382
3.5,0.3826834323650899,0.0,-0.3882926987526405
3.53125,0.35989503653498833,0.0,-0.42192319430876807
3.5625,0.33688985339222033,0.0,-0.5818034532016269
3.59375,0.3136817403988914,0.0,-0.5739018110108485
3.625,0.2902846772544624,0.0,-0.34852789606271506
3.65625,0.2667127574748985,0.0,-0.10400223966122633
3.6875,0.24298017990326407,0.0,-0.1873398772220391
3.71875,0.21910124015687005,0.0,-0.09499609041143246
3.75,0.1950903220161286,0.0,-0.20759629137524768
3.78125,0.17096188876030122,0.0,-0.05584831782940569
3.8125,0.1467304744553618,0.0,0.039408599196606435
3.84375,0.12241067519921635,0.0,-0.1395306704902183
3.875,0.09801714032956083,0.0,0.159878678336207
3.90625,0.07356456359966773,0.0,0.13522894243556177
3.9375,0.049067674327417966,0.0,0.23619070992083863
3.96875,0.024541228522912326,0.0,0.05209608386705272
4.0,1.2246467991473532e-16,0.0,0.06787452935926888
4.03125,-0.02454122852291208,0.0,0.15145307387765689
4.0625,-0.049067674327417724,0.0,0.32387885798753313
4.09375,-0.0735645635996675,0.0,0.2786057933824813
4.125,-0.09801714032956059,0.0,0.20663473227038026
4.15625,-0.1224106751992161,0.0,0.40229514241070685
4.1875,-0.14673047445536158,0.0,0.20741918352581204
4.21875,-0.17096188876030097,0.0,0.2034220715055074
4.25,-0.19509032201612836,0.0,-0.1306826813796267
4.28125,-0.2191012401568698,0.0,-0.1041859085092799
4.3125,-0.24298017990326382,0.0,-0.18618609051487606
4.34375,-0.26671275747489825,0.0,-0.2784750062421829
4.375,-0.2902846772544621,0.0,-0.3117480327741959
4.40625,-0.3136817403988912,0.0,-0.14167916920218007
4.4375,-0.3368898533922201,0.0,-0.033005056235645154
4.46875,-0.3598950365349881,0.0,-0.1583674302978417
4.5,-0.38268343236508967,0.0,-0.04217914695279946
4.53125,-0.4052413140049897,0.0,0.060134080240807346
4.5625,-0.4275550934302818,0.0,0.17554775503591635
4.59375,-0.44961132965460665,0.0,0.23182047731356933
4.625,-0.47139673682599764,0.0,0.4140815970924122
4.65625,-0.4928981922297839,0.0,0.38973967152239286
4.6875,-0.5141027441932216,0.0,0.34082898410007134
4.71875,-0.5349976198870969,0.0,0.20863721124169773
4.75,-0.555570233019602,0.0,0.17532698125464755
4.78125,-0.5758081914178453,0.0,0.15338739853927702
4.8125,-0.5956993044924332,0.0,-0.07386379846938512
4.84375,-0.6152315905806267,0.0,-0.14063527746101095
4.875,-0.6343932841636453,0.0,-0.18938694023427327
4.90625,-0.6531728429537765,0.0,-0.030225982646406524
4.9375,-0.6715589548470184,0.0,-0.1366288061061031
4.96875,-0.6895405447370668,0.0,-0.22227567539908114
5.0,-0.7071067811865475,0.0,-0.3455312117377903
5.03125,-0.7242470829514668,0.0,-0.5816952900009985
5.0625,-0.7409511253549589,0.0,-0.3696541517806925
5.09375,-0.7572088465064842,0.0,-0.3222081771920328
5.125,-0.7730104533627367,0.0,-0.042007308098734264
5.15625,-0.7883464276266059,0.0,-0.1061200921383847
5.1875,-0.803207531480645,0.0,-0.06430287965873205
5.21875,-0.8175848131515838,0.0,-0.36910032163408946
5.25,-0.8314696123025452,0.0,-0.27970654916940274
5.28125,-0.8448535652497071,0.0,-0.13385192567812582
5.3125,-0.857728610000272,0.0,0.06506287454323299
5.34375,-0.8700869911087113,0.0,0.2660469390731811
5.375,-0.8819212643483549,0.0,0.17618299825665845
5.40625,-0.8932243011955152,0.0,0.1244424808480747
5.4375,-0.9039892931234431,0.0,-0.025240340331438488
5.46875,-0.9142097557035305,0.0,-0.04405582651048895
5.5,-0.9238795325112865,0.0,0.046296548364791204
5.53125,-0.932992798834739,0.0,0.20405291825192542
5.5625,-0.9415440651830208,0.0,0.14744740221846608
5.59375,-0.9495281805930367,0.0,0.2778927872343707
5.625,-0.9569403357322088,0.0,0.2650636122546777
5.65625,-0.9637760657954398,0.0,-0.008735296024932171
5.6875,-0.970031253194544,0.0,-0.07224851082777677
5.71875,-0.9757021300385285,0.0,0.006619971455044282
5.75,-0.9807852804032303,0.0,-0.0718584073016299
5.78125,-0.9852776423889411,0.0,-0.1918646597992311
5.8125,-0.9891765099647809,0.0,-0.18450135227333414
5.84375,-0.9924795345987101,0.0,-0.21461070515830688
5.875,-0.9951847266721969,0.0,-0.12276615629891599
5.90625,-0.9972904566786902,0.0,-0.2544323533964923
5.9375,-0.9987954562051724,0.0,-0.36080910119229825
5.96875,-0.9996988186962042,0.0,-0.13648858821532608
6.0,-1.0,0.0,-0.2150975471685686
6.03125,-0.9996988186962042,0.0,-0.240066481015369
6.0625,-0.9987954562051724,0.0,0.05091958316089036
6.09375,-0.9972904566786902,0.0,0.28671798998815046
6.125,-0.9951847266721969,0.0,0.20009324168353318
6.15625,-0.9924795345987101,0.0,0.21376187466694963
6.1875,-0.9891765099647809,0.0,0.1277365324906771
6.21875,-0.9852776423889412,0.0,0.17242266783667254
6.25,-0.9807852804032304,0.0,0.12580965270194117
6.28125,-0.9757021300385286,0.0,0.14855225537109584
6.3125,-0.970031253194544,0.0,0.22133221330579195
6.34375,-0.96377606579544,0.0,0.23761180474019636
6.375,-0.9569403357322089,0.0,0.09963550279992621
6.40625,-0.9495281805930368,0.0,0.13241826767121265
6.4375,-0.9415440651830209,0.0,0.05640634584251822
6.46875,-0.9329927988347391,0.0,-0.0958806535220946
6.5,-0.9238795325112866,0.0,-0.1434055297391377
6.53125,-0.9142097557035306,0.0,-0.1846362791921265
6.5625,-0.9039892931234433,0.0,-0.15365791577696386
6.59375,-0.8932243011955153,0.0,-0.41312445547247106
6.625,-0.881921264348355,0.0,-0.21896388872364927
6.65625,-0.8700869911087115,0.0,-0.1466298005610716
6.6875,-0.8577286100002722,0.0,-0.1325516189465294
6.71875,-0.8448535652497072,0.0,-0.3327118215236204
6.75,-0.8314696123025455,0.0,-0.26660139345631295
6.78125,-0.8175848131515839,0.0,-0.06671707189304785
6.8125,-0.8032075314806453,0.0,-0.09937455846805529
6.84375,-0.7883464276266061,0.0,-0.06286655370972472
6.875,-0.7730104533627369,0.0,0.07616185271674186
6.90625,-0.7572088465064846,0.0,0.3179699519907341
6.9375,-0.7409511253549591,0.0,0.23708634669116985
6.96875,-0.724247082951467,0.0,0.037819920247826974
7.0,-0.7071067811865477,0.0,0.13412011782616265
7.03125,-0.6895405447370672,0.0,0.41004328184755034
7.0625,-0.6715589548470187,0.0,0.42597353618358436
7.09375,-0.6531728429537771,0.0,0.3528498615243714
7.125,-0.6343932841636459,0.0,0.4303837109818008
7.15625,-0.6152315905806274,0.0,0.3712380355095504
7.1875,-0.5956993044924332,0.0,0.34356030796687453
7.21875,-0.5758081914178452,0.0,0.13891159579368245
7.25,-0.5555702330196022,0.0,-0.021582732580337112
7.28125,-0.5349976198870973,0.0,0.1085289346145668
7.3125,-0.5141027441932219,0.0,-0.1451091650947318
7.34375,-0.49289819222978426,0.0,-0.32688662844611366
7.375,-0.4713967368259979,0.0,-0.34218119276058306
7.40625,-0.449611329654607,0.0,-0.29405534594622396
7.4375,-0.42755509343028253,0.0,-0.3477237801202624
7.46875,-0.4052413140049904,0.0,-0.3725208480117754
7.5,-0.3826834323650904,0.0,-0.5307829936359926
7.53125,-0.359895036534988,0.0,-0.25610775076107395
7.5625,-0.33688985339222,0.0,-0.26285336264685255
7.59375,-0.3136817403988915,0.0,-0.3720936605136062
7.625,-0.2902846772544625,0.0,-0.5298361607289449
7.65625,-0.2667127574748986,0.0,-0.45916407211478827
7.6875,-0.24298017990326418,0.0,-0.4701500464937797
7.71875,-0.21910124015687016,0.0,-0.5089899970833659
7.75,-0.19509032201612872,0.0,-0.38690776819524847
7.78125,-0.17096188876030177,0.0,-0.4051619541603794
7.8125,-0.1467304744553624,0.0,-0.4147253073703127
7.84375,-0.12241067519921603,0.0,-0.5438026026264262
7.875,-0.0980171403295605,0.0,-0.6577569084906645
7.90625,-0.07356456359966741,0.0,-0.5816353027660424
7.9375,-0.04906767432741809,0.0,-0.38013700878136697
7.96875,-0.024541228522912448,0.0,-0.6578602028738694
8.0,-2.4492935982947064e-16,0.0,-0.495883411885367
8.03125,0.02454122852291196,0.0,-0.4834686266040918
8.0625,0.0490676743274176,0.0,-0.6678465574536863
8.09375,0.07356456359966693,0.0,-0.41307933345725967
8.125,0.09801714032956002,0.0,-0.460136685690457
8.15625,0.12241067519921554,0.0,-0.49836648379524806
8.1875,0.1467304744553619,0.0,-0.2943272716101727
8.21875,0.17096188876030127,0.0,-0.3901969751232641
8.25,0.19509032201612825,0.0,-0.1997375920777617
8.28125,0.2191012401568697,0.0,0.04644879723096499
8.3125,0.2429801799032637,0.0,-0.1477889243698005
8.34375,0.2667127574748981,0.0,-0.1728651234344755
8.375,0.290284677254462,0.0,0.01015874152849916
8.40625,0.3136817403988911,0.0,-0.1692108609517485
8.4375,0.33688985339221955,0.0,-0.1295828188366685
8.46875,0.35989503653498756,0.0,-0.2292773135788584
8.5,0.38268343236508995,0.0,-0.33002341207323327
8.53125,0.40524131400498997,0.0,-0.17167785192423093
8.5625,0.4275550934302821,0.0,-0.23376985281918108
8.59375,0.44961132965460654,0.0,-0.38036708879835796
8.625,0.47139673682599753,0.0,-0.25894423806629124
8.65625,0.4928981922297838,0.0,-0.2458676955255389
8.6875,0.5141027441932214,0.0,-0.2608940487229353
8.71875,0.5349976198870968,0.0,-0.2451259374328574
8.75,0.5555702330196018,0.0,-0.12294520089337141
8.78125,0.5758081914178448,0.0,0.014381329412559929
8.8125,0.5956993044924328,0.0,0.028716683859452488
8.84375,0.6152315905806269,0.0,-0.13537073363635646
8.875,0.6343932841636455,0.0,-0.3640667737387956
8.90625,0.6531728429537768,0.0,-0.26758423689136107
8.9375,0.6715589548470183,0.0,-0.2659523102059457
8.96875,0.6895405447370667,0.0,-0.2194170717268026
9.0,0.7071067811865474,0.0,-0.21492297200679047
9.03125,0.7242470829514667,0.0,-0.24393417923125296
9.0625,0.7409511253549588,0.0,-0.05316168836155169
9.09375,0.7572088465064842,0.0,-0.07588589521483176
9.125,0.7730104533627365,0.0,-0.10889782317034821
9.15625,0.7883464276266059,0.0,-0.02910315566051774
9.1875,0.8032075314806449,0.0,0.2928007979180339
9.21875,0.8175848131515837,0.0,0.34551618440333864
9.25,0.8314696123025452,0.0,0.2780387598605137
9.28125,0.844853565249707,0.0,0.2987874278845351
9.3125,0.857728610000272,0.0,0.17622142552972314
9.34375,0.8700869911087112,0.0,0.2555889125503155
9.375,0.8819212643483548,0.0,0.02534286998725019
9.40625,0.8932243011955151,0.0,0.06834206903492482
9.4375,0.9039892931234431,0.0,0.12205615069817227
9.46875,0.9142097557035304,0.0,0.2583794711810893
9.5,0.9238795325112865,0.0,-0.010189212531664105
9.53125,0.932992798834739,0.0,-0.18898167376658936
9.5625,0.9415440651830208,0.0,0.0007527210326070954
9.59375,0.9495281805930367,0.0,0.06651031786690031
9.625,0.9569403357322088,0.0,-0.04798529716096245
9.65625,0.9637760657954398,0.0,-0.2596619378043769
9.6875,0.9700312531945439,0.0,-0.29454506924783974
9.71875,0.9757021300385285,0.0,-0.27553587732720103
9.75,0.9807852804032303,0.0,-0.3217724075318377
9.78125,0.9852776423889411,0.0,-0.5288651615168877
9.8125,0.9891765099647809,0.0,-0.3327073704353733
9.84375,0.99247953459871,0.0,-0.37770967130975125
9.875,0.9951847266721969,0.0,-0.39349456089610907
9.90625,0.9972904566786902,0.0,-0.5550435160428014
9.9375,0.9987954562051724,0.0,-0.3712332263893144
9.96875,0.9996988186962042,0.0,-0.3073208116433035
10.0,1.0,0.0,-0.10756054479478014
10.03125,0.9996988186962042,0.0,-0.08353680952324165
10.0625,0.9987954562051724,0.0,-0.16065320082693585
10.09375,0.9972904566786902,0.0,0.059963701833744255
10.125,0.9951847266721969,0.0,-0.06109325116434905
10.15625,0.9924795345987101,0.0,0.20267609406056103
10.1875,0.9891765099647811,0.0,-0.03403761087216943
10.21875,0.9852776423889412,0.0,-0.043982456158405334
10.25,0.9807852804032307,0.0,-0.02905458400818657
10.28125,0.9757021300385286,0.0,0.20482320333182685
10.3125,0.9700312531945443,0.0,0.08074419507839105
10.34375,0.96377606579544,0.0,-0.07088825167928872
10.375,0.9569403357322087,0.0,0.013141179723970827
10.40625,0.9495281805930368,0.0,-0.07499194720401599
10.4375,0.9415440651830207,0.0,-0.023672815157359035
10.46875,0.9329927988347392,0.0,-0.11465032949647885
10.5,0.9238795325112867,0.0,-0.06402682397458684
10.53125,0.914209755703531,0.0,-0.03223228017046486
10.5625,0.9039892931234433,0.0,-0.07247890415978901
10.59375,0.8932243011955158,0.0,-0.20039503722403107
10.625,0.8819212643483552,0.0,-0.38338218724248574
10.65625,0.870086991108712,0.0,-0.2760064003715592
10.6875,0.8577286100002722,0.0,-0.39080575885403923
10.71875,0.8448535652497069,0.0,-0.3845225141515572
10.75,0.8314696123025456,0.0,-0.3367133135162501
10.78125,0.8175848131515836,0.0,-0.34632694455122276
10.8125,0.8032075314806454,0.0,-0.22884411839797913
10.84375,0.7883464276266062,0.0,-0.06968935807840868
10.875,0.7730104533627375,0.0,-0.008723351947967202
10.90625,0.7572088465064847,0.0,0.055675507315434684
10.9375,0.7409511253549598,0.0,0.24002486997213002
10.96875,0.7242470829514671,0.0,0.27330597935481926
11.0,0.7071067811865483,0.0,0.5074380008756726
11.03125,0.6895405447370673,0.0,0.3643036765716196
11.0625,0.6715589548470181,0.0,0.3823714952561368
11.09375,0.6531728429537772,0.0,0.3792279402836922
11.125,0.6343932841636454,0.0,0.33893527944615087
11.15625,0.6152315905806275,0.0,0.12795539352968455
11.1875,0.5956993044924332,0.0,-0.05095459264615253
11.21875,0.575808191417846,0.0,0.016171294875780506
11.25,0.5555702330196023,0.0,0.15890574834261592
11.28125,0.5349976198870982,0.0,-0.010470027073087834
11.3125,0.514102744193222,0.0,-0.11130234133746819
11.34375,0.4928981922297836,0.0,0.044981731993035026
11.375,0.47139673682599803,0.0,-0.08626845861999853
11.40625,0.44961132965460626,0.0,-0.08770655372770025
11.4375,0.42755509343028264,0.0,-0.5948827593377066
11.46875,0.4052413140049897,0.0,-0.6219230009407241
11.5,0.3826834323650905,0.0,-0.5620115343423151
11.53125,0.35989503653498817,0.0,-0.7170595828156838
11.5625,0.33688985339222094,0.0,-0.9996358342618887
11.59375,0.31368174039889163,0.0,-1.0420582347990723
11.625,0.29028467725446344,0.0,-1.1131734821459507
11.65625,0.2667127574748987,0.0,-1.3438291735330619
11.6875,0.24298017990326343,0.0,-1.2811597707370352
11.71875,0.21910124015687027,0.0,-1.229006327548079
11.75,0.19509032201612797,0.0,-0.850285357488722
11.78125,0.17096188876030188,0.0,-0.7806352740617757
11.8125,0.1467304744553616,0.0,-0.7357026567376659
11.84375,0.12241067519921703,0.0,-0.7702664781899452
11.875,0.09801714032956063,0.0,-0.6613626344934205
11.90625,0.07356456359966843,0.0,-0.2979694110574862
11.9375,0.049067674327418216,0.0,-0.2953181024585108
11.96875,0.024541228522913457,0.0,-0.18280740792692066
12.0,3.6739403974420594e-16,0.0,-0.052687493009120887
12.03125,-0.024541228522912725,0.0,-0.10537228944930334
12.0625,-0.04906767432741748,0.0,-0.059416874605773815
12.09375,-0.07356456359966769,0.0,-0.15706372327547777
12.125,-0.0980171403295599,0.0,-0.19225294702145668
12.15625,-0.12241067519921629,0.0,-0.24772168267701053
12.1875,-0.1467304744553609,0.0,-0.1901193122684879
12.21875,-0.17096188876030116,0.0,-0.06723893779132417
12.25,-0.19509032201612725,0.0,-0.2569313336166245
12.28125,-0.21910124015686958,0.0,-0.2020020965425202
12.3125,-0.2429801799032627,0.0,-0.37210436136946506
12.34375,-0.266712757474898,0.0,-0.47264084963704234
12.375,-0.2902846772544628,0.0,-0.44605593707111857
12.40625,-0.3136817403988909,0.0,-0.2895311494713192
12.4375,-0.3368898533922203,0.0,-0.12314911027079102
12.46875,-0.35989503653498744,0.0,0.03242539998873194
12.5,-0.38268343236508984,0.0,0.03315902246812041
12.53125,-0.40524131400498903,0.0,-0.14961934768677848
12.5625,-0.427555093430282,0.0,0.20224103673202004
12.59375,-0.44961132965460565,0.0,0.23294685754784175
12.625,-0.4713967368259974,0.0,0.2775565637196461
12.65625,-0.4928981922297829,0.0,0.19738274858997104
12.6875,-0.5141027441932213,0.0,0.26844213439606424
12.71875,-0.5349976198870975,0.0,0.44730559285271
12.75,-0.5555702330196017,0.0,0.343292189981183
12.78125,-0.5758081914178454,0.0,0.22369251093996806
12.8125,-0.5956993044924327,0.0,0.1365771713009907
12.84375,-0.6152315905806268,0.0,0.05922632534264951
12.875,-0.6343932841636448,0.0,-0.05224462231743194
12.90625,-0.6531728429537766,0.0,0.010743384553462361
12.9375,-0.6715589548470176,0.0,-0.10070180571560769
12.96875,-0.6895405447370667,0.0,0.15159620091265902
13.0,-0.7071067811865479,0.0,0.02532236302739682
13.03125,-0.7242470829514666,0.0,-0.03232136004724458
13.0625,-0.7409511253549593,0.0,-0.03026185240616968
13.09375,-0.7572088465064841,0.0,-0.09387785571666923
13.125,-0.7730104533627371,0.0,-0.027827487181540864
13.15625,-0.7883464276266058,0.0,0.18786493140189797
13.1875,-0.8032075314806449,0.0,0.14354062995542882
13.21875,-0.8175848131515832,0.0,0.1049296133935388
13.25,-0.8314696123025451,0.0,0.1317990268786397
13.28125,-0.8448535652497065,0.0,0.2489043960168862
13.3125,-0.8577286100002719,0.0,0.13961442618204645
13.34375,-0.8700869911087117,0.0,0.1062780626793105
13.375,-0.8819212643483548,0.0,0.11598414476960117
13.40625,-0.8932243011955154,0.0,0.14882796884008606
13.4375,-0.903989293123443,0.0,0.17121695700414477
13.46875,-0.9142097557035307,0.0,-0.09000813672702856
13.5,-0.9238795325112864,0.0,-0.11546985347414268
13.53125,-0.9329927988347388,0.0,-0.043291307406198826
13.5625,-0.9415440651830205,0.0,-0.08306294995354152
13.59375,-0.9495281805930366,0.0,-0.2880552315998595
13.625,-0.9569403357322085,0.0,-0.2009260098107001
13.65625,-0.9637760657954397,0.0,-0.3803921178182964
13.6875,-0.9700312531945441,0.0,-0.49732742612442044
13.71875,-0.9757021300385285,0.0,-0.6414421084816595
13.75,-0.9807852804032305,0.0,-0.6253219670893473
13.78125,-0.9852776423889411,0.0,-0.6472444109235971
13.8125,-0.989176509964781,0.0,-0.5799487198414028
13.84375,-0.9924795345987099,0.0,-0.6698704529188168
13.875,-0.9951847266721969,0.0,-0.5665506095302282
13.90625,-0.9972904566786901,0.0,-0.5927334018034327
13.9375,-0.9987954562051724,0.0,-0.6478282243245964
13.96875,-0.9996988186962041,0.0,-0.8048227717737753
14.0,-1.0,0.0,-0.6108964600418931
14.03125,-0.9996988186962042,0.0,-0.4159124468096965
14.0625,-0.9987954562051724,0.0,-0.40667139725096974
14.09375,-0.9972904566786902,0.0,-0.5606676641584638
14.125,-0.9951847266721969,0.0,-0.44376096325072284
14.15625,-0.99247953459871,0.0,-0.515317566312934
14.1875,-0.9891765099647811,0.0,-0.3957700142281752
14.21875,-0.9852776423889412,0.0,-0.3957167718840393
14.25,-0.9807852804032307,0.0,-0.314668748734729
14.28125,-0.9757021300385286,0.0,0.015109886254426219
14.3125,-0.9700312531945443,0.0,0.03403975477542151
14.34375,-0.96377606579544,0.0,0.20944280091991363
14.375,-0.9569403357322087,0.0,0.1881011076042993
14.40625,-0.9495281805930369,0.0,0.3271487376616992
14.4375,-0.9415440651830207,0.0,0.28453934718796026
14.46875,-0.9329927988347392,0.0,0.4809936456574818
14.5,-0.9238795325112867,0.0,0.47402634289883394
14.53125,-0.914209755703531,0.0,0.4404166914431876
14.5625,-0.9039892931234434,0.0,0.48701283498259645
14.59375,-0.8932243011955159,0.0,0.33147819974132603
14.625,-0.8819212643483552,0.0,0.04350476626203997
14.65625,-0.8700869911087121,0.0,0.030488192084680774
14.6875,-0.8577286100002723,0.0,-0.12440615953171258
14.71875,-0.8448535652497069,0.0,0.005730688675490182
14.75,-0.8314696123025456,0.0,-0.22019852774988172
14.78125,-0.8175848131515836,0.0,-0.47909123715538293
14.8125,-0.8032075314806454,0.0,-0.46250324117319275
14.84375,-0.7883464276266062,0.0,-0.44864114164945634
14.875,-0.7730104533627375,0.0,-0.5101326999062709
14.90625,-0.7572088465064847,0.0,-0.432415219846738
14.9375,-0.7409511253549599,0.0,-0.32094852941167906
14.96875,-0.7242470829514671,0.0,-0.40019222551236067
15.0,-0.7071067811865485,0.0,-0.30708144246131064
15.03125,-0.6895405447370673,0.0,-0.408150734230245
15.0625,-0.6715589548470182,0.0,-0.18635901280627498
15.09375,-0.6531728429537773,0.0,-0.21072371194210326
15.125,-0.6343932841636455,0.0,-0.3159484424016061
15.15625,-0.6152315905806276,0.0,-0.11393098230099283
15.1875,-0.5956993044924334,0.0,-0.02428794046670981
15.21875,-0.5758081914178461,0.0,-0.02867434889701275
15.25,-0.5555702330196024,0.0,0.05163101415815011
15.28125,-0.5349976198870983,0.0,-0.18812286379118337
15.3125,-0.5141027441932221,0.0,-0.1086095154445338
15.34375,-0.4928981922297837,0.0,-0.024224982487610132
15.375,-0.47139673682599814,0.0,-0.07628351493332382
15.40625,-0.4496113296546064,0.0,-0.019739413831973376
15.4375,-0.42755509343028275,0.0,0.1208117689014319
15.46875,-0.4052413140049898,0.0,0.13300200820684746
15.5,-0.3826834323650906,0.0,0.27377430143546355
15.53125,-0.3598950365349883,0.0,0.21504135905442925
15.5625,-0.33688985339222105,0.0,0.21836039097394577
15.59375,-0.31368174039889174,0.0,0.28075864814495066
15.625,-0.29028467725446355,0.0,0.238443735361338
15.65625,-0.2667127574748988,0.0,0.2319144161776517
15.6875,-0.24298017990326354,0.0,0.1652271338114334
15.71875,-0.2191012401568704,0.0,0.40779983146943755
15.75,-0.19509032201612808,0.0,0.15345102705238417
15.78125,-0.170961888760302,0.0,-0.0005028174450334849
15.8125,-0.14673047445536175,0.0,-0.055009323541830066
15.84375,-0.12241067519921715,0.0,0.13394046098244902
15.875,-0.09801714032956076,0.0,-0.05700373361427297
15.90625,-0.07356456359966855,0.0,0.10766665478814433
15.9375,-0.049067674327418334,0.0,0.019259859310837596
15.96875,-0.024541228522913582,0.0,0.02850171318735889
16.0,-4.898587196589413e-16,0.0,0.1698651167705741
16.03125,0.0245412285229126,0.0,-0.009081457473383861
16.0625,0.049067674327417356,0.0,0.14610413485401974
16.09375,0.07356456359966757,0.0,0.1311477426904864
16.125,0.09801714032955978,0.0,0.18000734619593145
16.15625,0.12241067519921618,0.0,-0.11700212099631313
16.1875,0.14673047445536078,0.0,0.003449081059295714
16.21875,0.17096188876030105,0.0,-0.03941255935513559
16.25,0.19509032201612714,0.0,0.08869123643688082
16.28125,0.21910124015686944,0.0,-0.06130860716067013
16.3125,0.2429801799032626,0.0,0.02609094811130444
16.34375,0.26671275747489787,0.0,-0.1722858311922094
16.375,0.2902846772544626,0.0,-0.13176511969946145
16.40625,0.3136817403988908,0.0,0.02879171440203479
16.4375,0.33688985339222016,0.0,-0.02693918807138071
16.46875,0.35989503653498733,0.0,0.03685480988785424
16.5,0.3826834323650897,0.0,0.03180873693571769
16.53125,0.4052413140049889,0.0,-0.2789785399656645
16.5625,0.42755509343028186,0.0,-0.21865987677643212
16.59375,0.44961132965460554,0.0,-0.1724151593069333
16.625,0.4713967368259973,0.0,-0.30463253981433275
16.65625,0.4928981922297828,0.0,-0.18863370156095166
16.6875,0.5141027441932212,0.0,-0.31170045463431795
16.71875,0.5349976198870974,0.0,-0.24908307293559442
16.75,0.5555702330196016,0.0,-0.4343428470627314
16.78125,0.5758081914178453,0.0,-0.2341209122538233
16.8125,0.5956993044924326,0.0,-0.22680091327916352
16.84375,0.6152315905806267,0.0,0.2036162313395674
16.875,0.6343932841636447,0.0,-0.08922409719049075
16.90625,0.6531728429537765,0.0,0.0029878112282328527
16.9375,0.6715589548470174,0.0,-0.1152119776012913
16.96875,0.6895405447370666,0.0,-0.08962123849955653
17.0,0.7071067811865478,0.0,0.07453184233266588
17.03125,0.7242470829514666,0.0,-0.12263978013924105
17.0625,0.7409511253549592,0.0,-0.0869087133512017
17.09375,0.757208846506484,0.0,-0.08040747512241503
17.125,0.773010453362737,0.0,0.07783940720218614
17.15625,0.7883464276266057,0.0,-0.11711800542849393
17.1875,0.8032075314806448,0.0,-0.05001638870904582
17.21875,0.817584813151583,0.0,-0.041637456168564194
17.25,0.831469612302545,0.0,0.002878434927210967
17.28125,0.8448535652497065,0.0,-0.1886166482138991
17.3125,0.8577286100002718,0.0,-0.3496088589624539
17.34375,0.8700869911087116,0.0,-0.4504513474425581
17.375,0.8819212643483547,0.0,-0.49326140520027056
17.40625,0.8932243011955154,0.0,-0.6180752906097461
17.4375,0.903989293123443,0.0,-0.6634940665842811
17.46875,0.9142097557035307,0.0,-0.5902726842567457
17.5,0.9238795325112864,0.0,-0.480534271078236
17.53125,0.9329927988347388,0.0,-0.5346346084711915
17.5625,0.9415440651830204,0.0,-0.5607256350053734
17.59375,0.9495281805930366,0.0,-0.3749228894523775
17.625,0.9569403357322085,0.0,-0.1668960595688252
17.65625,0.9637760657954397,0.0,0.002275344134528165
17.6875,0.9700312531945441,0.0,0.1244208698298341
17.71875,0.9757021300385283,0.0,0.2158589922194071
17.75,0.9807852804032304,0.0,0.14883095527273477
17.78125,0.9852776423889411,0.0,0.10556594734993974
17.8125,0.989176509964781,0.0,0.05441611639134888
17.84375,0.9924795345987099,0.0,0.18288309618464638
17.875,0.9951847266721968,0.0,0.4792051383035062
17.90625,0.9972904566786901,0.0,0.5448066289211622
17.9375,0.9987954562051724,0.0,0.33759955010847403
17.96875,0.9996988186962041,0.0,0.33596196404549533
18.0,1.0,0.0,0.338397269397208
18.03125,0.9996988186962042,0.0,0.29358896761187225
18.0625,0.9987954562051724,0.0,0.38647117400808517
18.09375,0.9972904566786902,0.0,0.3979383034089173
18.125,0.9951847266721969,0.0,0.4602435887043373
18.15625,0.99247953459871,0.0,0.4298692799973259
18.1875,0.9891765099647811,0.0,0.25678259565297057
18.21875,0.9852776423889413,0.0,0.10680988346582687
18.25,0.9807852804032307,0.0,0.2154305634557171
18.28125,0.9757021300385287,0.0,0.06282873935894892
18.3125,0.9700312531945443,0.0,-0.001832754483583575
18.34375,0.9637760657954401,0.0,-0.14446233500073188
18.375,0.9569403357322088,0.0,-0.1342973179162181
18.40625,0.9495281805930369,0.0,-0.07740147857819503
18.4375,0.9415440651830208,0.0,-0.11159980797982981
18.46875,0.9329927988347392,0.0,-0.3038588473083468
18.5,0.9238795325112868,0.0,-0.44400402236296915
18.53125,0.9142097557035311,0.0,-0.3548611530647522
18.5625,0.9039892931234434,0.0,-0.2604669777433638
18.59375,0.8932243011955159,0.0,-0.23647919622980115
18.625,0.8819212643483553,0.0,-0.3261337075637689
18.65625,0.8700869911087121,0.0,-0.10594568033607114
18.6875,0.8577286100002723,0.0,-0.14670503344975683
18.71875,0.844853565249707,0.0,-0.22145923668087655
18.75,0.8314696123025457,0.0,-0.23330453026131284
18.78125,0.8175848131515837,0.0,-0.34135489089568105
18.8125,0.8032075314806455,0.0,-0.3197394183090489
18.84375,0.7883464276266063,0.0,-0.256815774299333
18.875,0.7730104533627377,0.0,-0.1637732374334107
18.90625,0.7572088465064848,0.0,-0.1554524528394053
18.9375,0.74095112535496,0.0,-0.08711115518108653
18.96875,0.7242470829514672,0.0,-0.07452811042512718
19.0,0.7071067811865486,0.0,-0.16428229311823275
19.03125,0.6895405447370674,0.0,-0.08804084230815769
19.0625,0.6715589548470183,0.0,-0.06715858030757176
19.09375,0.6531728429537774,0.0,0.27340355731334104
19.125,0.6343932841636455,0.0,0.4231857255025553
19.15625,0.6152315905806276,0.0,0.48720575544234673
19.1875,0.5956993044924335,0.0,0.3602645485513781
19.21875,0.5758081914178462,0.0,0.48293870489296814
19.25,0.5555702330196025,0.0,0.5537209224450399
19.28125,0.5349976198870984,0.0,0.4202773690807099
19.3125,0.5141027441932222,0.0,0.5007798217065187
19.34375,0.4928981922297838,0.0,0.38396946034703194
19.375,0.47139673682599825,0.0,0.2945387923885251
19.40625,0.4496113296546065,0.0,0.16727808452550844
19.4375,0.42755509343028286,0.0,0.23848315644820228
19.46875,0.4052413140049899,0.0,0.08499555776001809
19.5,0.3826834323650907,0.0,0.10047861359291818
19.53125,0.3598950365349884,0.0,-0.04965391074499938
19.5625,0.3368898533922212,0.0,-0.0052228191112552586
19.59375,0.31368174039889185,0.0,0.08141256584977904
19.625,0.29028467725446366,0.0,-0.06523975183849601
19.65625,0.2667127574748989,0.0,0.11045637101030588
19.6875,0.24298017990326368,0.0,0.29894406824602204
19.71875,0.21910124015687052,0.0,0.28883984776555055
19.75,0.19509032201612822,0.0,0.114954291330139
19.78125,0.17096188876030213,0.0,0.3294702982652403
19.8125,0.14673047445536186,0.0,0.2921618291936042
19.84375,0.12241067519921726,0.0,0.40125909778712177
19.875,0.09801714032956088,0.0,0.25725332100167103
19.90625,0.07356456359966866,0.0,0.37220638398655503
19.9375,0.04906767432741846,0.0,0.3548255551374644
19.96875,0.024541228522913704,0.0,0.271662577669709
20.0,6.123233995736766e-16,0.0,0.374690749204235
20.03125,-0.02454122852291248,0.0,0.5275078667502862
20.0625,-0.04906767432741724,0.0,0.5056176929479428
20.09375,-0.07356456359966744,0.0,0.3417291321540622
20.125,-0.09801714032955966,0.0,0.2126429916547645
20.15625,-0.12241067519921606,0.0,0.06670550973771852
20.1875,-0.14673047445536064,0.0,0.12690102761805602
20.21875,-0.1709618887603009,0.0,-0.2288384767184923
20.25,-0.195090322016127,0.0,-0.07595997703677453
20.28125,-0.21910124015686933,0.0,-0.007647144345561158
20.3125,-0.24298017990326248,0.0,-0.09375050755487882
20.34375,-0.26671275747489775,0.0,-0.08053940051134528
20.375,-0.29028467725446083,0.0,-0.02344632244414736
20.40625,-0.3136817403988924,0.0,0.18469742234884434
20.4375,-0.33688985339222005,0.0,0.34419061420342145
20.46875,-0.3598950365349872,0.0,0.3664302133612163
20.5,-0.38268343236508795,0.0,0.3173269291496299
20.53125,-0.4052413140049904,0.0,0.5158505783315451
20.5625,-0.42755509343028175,0.0,0.731865342362548
20.59375,-0.44961132965460543,0.0,0.611336573106431
20.625,-0.47139673682599564,0.0,0.4097383046991041
20.65625,-0.49289819222978426,0.0,0.15706879360634507
20.6875,-0.5141027441932211,0.0,0.27370803762855667
20.71875,-0.5349976198870958,0.0,0.30345897476841743
20.75,-0.555570233019603,0.0,0.27852843162266205
20.78125,-0.5758081914178452,0.0,0.2623873318744742
20.8125,-0.5956993044924325,0.0,0.2913784282716391
20.84375,-0.6152315905806253,0.0,0.34985210823600404
20.875,-0.6343932841636459,0.0,0.10556908109722948
20.90625,-0.6531728429537764,0.0,0.054560114130129095
20.9375,-0.6715589548470173,0.0,0.19895452844762007
20.96875,-0.6895405447370653,0.0,0.2849392142474995
21.0,-0.7071067811865477,0.0,0.1485776852936545
21.03125,-0.7242470829514664,0.0,-0.19514326168233415
21.0625,-0.740951125354958,0.0,-0.2963822913770578
21.09375,-0.7572088465064851,0.0,-0.347340032246278
21.125,-0.7730104533627369,0.0,-0.3437629405631232
21.15625,-0.7883464276266056,0.0,-0.34143055164410935
21.1875,-0.8032075314806437,0.0,-0.42427942799149354
21.21875,-0.817584813151584,0.0,-0.43892433898122873
21.25,-0.831469612302545,0.0,-0.45927970590741923
21.28125,-0.8448535652497063,0.0,-0.34018849688243663
21.3125,-0.8577286100002709,0.0,-0.33149994116170883
21.34375,-0.8700869911087116,0.0,0.03028906637176043
21.375,-0.8819212643483547,0.0,0.007813019929785676
21.40625,-0.8932243011955145,0.0,0.23346696246130175
21.4375,-0.9039892931234437,0.0,0.3441962085062668
21.46875,-0.9142097557035306,0.0,0.41657936506701
21.5,-0.9238795325112863,0.0,0.5251128308015811
21.53125,-0.9329927988347382,0.0,0.6435912746084625
21.5625,-0.9415440651830209,0.0,0.6447463992240293
21.59375,-0.9495281805930366,0.0,0.5912413637861054
21.625,-0.9569403357322085,0.0,0.6904614517764274
21.65625,-0.9637760657954392,0.0,0.6816014110926236
21.6875,-0.9700312531945441,0.0,0.5692823861900536
21.71875,-0.9757021300385283,0.0,0.48580741580546016
21.75,-0.9807852804032301,0.0,0.2673121151359879
21.78125,-0.9852776423889413,0.0,0.13981636173253578
21.8125,-0.9891765099647809,0.0,0.006614169537680542
21.84375,-0.9924795345987099,0.0,-0.004098522527019477
21.875,-0.9951847266721967,0.0,-0.020297738025527173
21.90625,-0.9972904566786902,0.0,-0.049097927272413217
21.9375,-0.9987954562051724,0.0,-0.25479997201006777
21.96875,-0.9996988186962041,0.0,-0.49285351817714096
22.0,-1.0,0.0,-0.3416758384722475
22.03125,-0.9996988186962042,0.0,-0.28204326942891644
22.0625,-0.9987954562051724,0.0,-0.13596515698739733
22.09375,-0.9972904566786903,0.0,-0.051812237581348536
22.125,-0.9951847266721968,0.0,0.0829766140973007
22.15625,-0.9924795345987101,0.0,-0.004608650181461713
22.1875,-0.9891765099647811,0.0,-0.12506203982955613
22.21875,-0.9852776423889417,0.0,-0.30087916731546804
22.25,-0.9807852804032303,0.0,-0.1117777422201422
22.28125,-0.9757021300385287,0.0,0.06287522431149403
22.3125,-0.9700312531945443,0.0,-0.04819825284889069
22.34375,-0.9637760657954396,0.0,-0.14585248784788815
22.375,-0.9569403357322088,0.0,-0.168717979642369
22.40625,-0.9495281805930369,0.0,-0.3460861376688518
22.4375,-0.9415440651830214,0.0,-0.549203818654419
22.46875,-0.9329927988347386,0.0,-0.5181505315383463
22.5,-0.9238795325112868,0.0,-0.30616644079482885
22.53125,-0.9142097557035311,0.0,-0.14607236951521665
22.5625,-0.9039892931234442,0.0,-0.1852661145220511
22.59375,-0.8932243011955151,0.0,-0.48230059579153517
22.625,-0.8819212643483553,0.0,-0.4027758863608741
22.65625,-0.8700869911087122,0.0,-0.4363885687359305
22.6875,-0.8577286100002716,0.0,-0.3435935868353935
22.71875,-0.844853565249707,0.0,-0.3145352408204153
22.75,-0.8314696123025458,0.0,-0.09410583978539447
22.78125,-0.8175848131515848,0.0,-0.12329542986200547
22.8125,-0.8032075314806445,0.0,-0.32639731447186016
22.84375,-0.7883464276266064,0.0,-0.38757057331862527
22.875,-0.7730104533627378,0.0,-0.426653798183464
22.90625,-0.757208846506486,0.0,-0.24052015084158027
22.9375,-0.7409511253549589,0.0,-0.40335330423118054
22.96875,-0.7242470829514673,0.0,-0.19126143437774434
23.0,-0.7071067811865487,0.0,-0.318805139406597
23.03125,-0.6895405447370662,0.0,-0.2714124881345581
23.0625,-0.6715589548470183,0.0,-0.2566021399157174
23.09375,-0.6531728429537775,0.0,-0.0861710052457596
23.125,-0.634393284163647,0.0,0.15586028830944954
23.15625,-0.6152315905806264,0.0,0.14839950491399534
23.1875,-0.5956993044924336,0.0,0.019186228233400007
23.21875,-0.5758081914178463,0.0,0.021709447536303494
23.25,-0.5555702330196041,0.0,0.3249191222650966
23.28125,-0.5349976198870969,0.0,0.24643039987693433
23.3125,-0.5141027441932223,0.0,0.3346141377530643
23.34375,-0.4928981922297855,0.0,0.394012212880518
23.375,-0.4713967368259968,0.0,0.24924364806329924
23.40625,-0.4496113296546066,0.0,0.1190761231333792
23.4375,-0.427555093430283,0.0,0.1017514943782508
23.46875,-0.4052413140049917,0.0,0.022453457991632925
23.5,-0.3826834323650892,0.0,0.26126403512119156
23.53125,-0.3598950365349885,0.0,0.4210398116236658
23.5625,-0.33688985339222133,0.0,0.34727956744539634
23.59375,-0.3136817403988937,0.0,0.43360590283842665
23.625,-0.2902846772544621,0.0,0.3846642234378794
23.65625,-0.26671275747489903,0.0,0.3944573021903245
23.6875,-0.2429801799032655,0.0,0.42087263900851984
23.71875,-0.2191012401568689,0.0,0.30959983514109246
23.75,-0.19509032201612833,0.0,0.15658305432406616
23.78125,-0.17096188876030224,0.0,0.2577531562001196
23.8125,-0.14673047445536375,0.0,0.1129515281476529
23.84375,-0.12241067519921563,0.0,-0.009428729466744196
23.875,-0.09801714032956099,0.0,-0.15253730567728807
23.90625,-0.07356456359966879,0.0,-0.14913713323462485
23.9375,-0.04906767432742035,0.0,-0.22919069982685053
23.96875,-0.024541228522912052,0.0,-0.29409400330971003
24.0,-7.347880794884119e-16,0.0,-0.09080992885179975
24.03125,0.02454122852291058,0.0,0.007332118081192662
24.0625,0.04906767432741889,0.0,0.14822857711585286
24.09375,0.07356456359966733,0.0,0.07202369191923591
24.125,0.09801714032955954,0.0,0.009153670866132918
24.15625,0.12241067519921417,0.0,-0.04549972079124531
24.1875,0.14673047445536228,0.0,-0.011611718416330935
24.21875,0.1709618887603008,0.0,-0.10253606735516639
24.25,0.1950903220161269,0.0,-0.02101141341841823
24.28125,0.21910124015686747,0.0,0.0717692539499114
24.3125,0.2429801799032641,0.0,-0.18807236645085357
24.34375,0.26671275747489764,0.0,-0.16949095636573602
24.375,0.2902846772544607,0.0,-0.22492734133478048
24.40625,0.3136817403988923,0.0,-0.10213931247983765
24.4375,0.33688985339221994,0.0,-0.03086453003864577
24.46875,0.3598950365349871,0.0,-0.16009955533642167
24.5,0.38268343236508784,0.0,-0.1833028030131435
24.53125,0.4052413140049903,0.0,-0.16317664635413592
24.5625,0.42755509343028164,0.0,-0.11875779182719934
24.59375,0.4496113296546053,0.0,-0.2109296406909134
24.625,0.47139673682599553,0.0,-0.11342236461697758
24.65625,0.49289819222978415,0.0,-0.12016754651013076
24.6875,0.514102744193221,0.0,0.03157008423199037
24.71875,0.5349976198870957,0.0,0.1420171283733231
24.75,0.5555702330196028,0.0,0.12879256562940988
24.78125,0.5758081914178451,0.0,0.12290697676665505
24.8125,0.5956993044924325,0.0,0.06480006870906249
24.84375,0.6152315905806252,0.0,0.11158715705328595
24.875,0.6343932841636458,0.0,0.030072563737267813
24.90625,0.6531728429537764,0.0,-0.03717623428934093
24.9375,0.6715589548470173,0.0,0.030857574541367984
24.96875,0.6895405447370652,0.0,0.15475520328141068
25.0,0.7071067811865476,0.0,-0.08413043096116894
25.03125,0.7242470829514663,0.0,-0.3049533807235647
25.0625,0.7409511253549579,0.0,-0.30558292247012225
25.09375,0.757208846506485,0.0,-0.1183459396366699
25.125,0.7730104533627369,0.0,0.1072732459269265
25.15625,0.7883464276266056,0.0,-0.0020973150912109275
25.1875,0.8032075314806436,0.0,0.04576826451088414
25.21875,0.8175848131515839,0.0,0.17969751223883268
25.25,0.8314696123025449,0.0,0.23794293141980516
25.28125,0.8448535652497062,0.0,0.2288386592855901
25.3125,0.8577286100002708,0.0,0.35132987938172483
25.34375,0.8700869911087115,0.0,0.5168595280985668
25.375,0.8819212643483546,0.0,0.4415537009612046
25.40625,0.8932243011955144,0.0,0.32248031963973345
25.4375,0.9039892931234437,0.0,0.15468567550609233
25.46875,0.9142097557035306,0.0,0.10614332946410943
25.5,0.9238795325112863,0.0,0.00801542808741229
25.53125,0.9329927988347381,0.0,-0.10207244291763724
25.5625,0.9415440651830209,0.0,-0.22995946194355907
25.59375,0.9495281805930365,0.0,-0.2814847919090963
25.625,0.9569403357322084,0.0,-0.4088788258273091
25.65625,0.9637760657954392,0.0,-0.5040415812979983
25.6875,0.970031253194544,0.0,-0.33652457045241896
25.71875,0.9757021300385283,0.0,-0.006313342139121325
25.75,0.9807852804032301,0.0,0.10261485667784728
25.78125,0.9852776423889413,0.0,-0.010373744506028765
25.8125,0.9891765099647809,0.0,0.15540077579514655
25.84375,0.9924795345987099,0.0,0.31158814090749726
25.875,0.9951847266721967,0.0,0.32425965422464564
25.90625,0.9972904566786902,0.0,0.30830728652677136
25.9375,0.9987954562051724,0.0,0.4027601652638323
25.96875,0.9996988186962041,0.0,0.448035201834209
26.0,1.0,0.0,0.4617560806308445
26.03125,0.9996988186962042,0.0,0.14812716449775093
26.0625,0.9987954562051724,0.0,0.278992517241871
26.09375,0.9972904566786903,0.0,0.36163049005960257
26.125,0.9951847266721968,0.0,0.3819359684590148
26.15625,0.9924795345987101,0.0,0.34544796759891017
26.1875,0.9891765099647811,0.0,0.23200577850834336
26.21875,0.9852776423889417,0.0,0.3535316314319134
26.25,0.9807852804032304,0.0,0.26608274759739464
26.28125,0.9757021300385287,0.0,0.40227827567873453
26.3125,0.9700312531945444,0.0,0.252560226228827
26.34375,0.9637760657954396,0.0,0.17520403273872895
26.375,0.9569403357322088,0.0,-0.01665163878547789
26.40625,0.949528180593037,0.0,-0.04106555997254342
26.4375,0.9415440651830215,0.0,0.044812241565967886
26.46875,0.9329927988347386,0.0,-0.15541810266112122
26.5,0.9238795325112868,0.0,0.030952461950833468
26.53125,0.9142097557035312,0.0,-0.048391206301046645
26.5625,0.9039892931234443,0.0,-0.06465641237376954
26.59375,0.8932243011955152,0.0,-0.1616552807009466
26.625,0.8819212643483554,0.0,-0.2046073784669244
26.65625,0.8700869911087122,0.0,-0.023115880578492197
26.6875,0.8577286100002716,0.0,-0.017057927639807766
26.71875,0.8448535652497071,0.0,0.12876143236100376
26.75,0.8314696123025458,0.0,0.06979414454748616
26.78125,0.8175848131515848,0.0,0.17368528490205887
26.8125,0.8032075314806446,0.0,0.16953319827413202
26.84375,0.7883464276266066,0.0,0.08899561299253017
26.875,0.7730104533627379,0.0,0.15463354831986942
26.90625,0.7572088465064861,0.0,0.4686133031835815
26.9375,0.7409511253549589,0.0,0.8577672334446467
26.96875,0.7242470829514674,0.0,0.7958701493895765
27.0,0.7071067811865488,0.0,0.9229308940486181
27.03125,0.6895405447370663,0.0,0.8012898126249932
27.0625,0.6715589548470184,0.0,0.6221334033140395
27.09375,0.6531728429537775,0.0,0.6591494731325508
27.125,0.634393284163647,0.0,0.7212802708456504
27.15625,0.6152315905806265,0.0,0.6348645809216954
27.1875,0.5956993044924337,0.0,0.48524679628133244
27.21875,0.5758081914178464,0.0,0.02624555343103853
27.25,0.5555702330196042,0.0,-0.36144743038621335
27.28125,0.534997619887097,0.0,-0.46088414884884693
27.3125,0.5141027441932224,0.0,-0.6341134263811847
27.34375,0.49289819222978554,0.0,-0.5597905988472079
27.375,0.4713967368259969,0.0,-0.47416304268706255
27.40625,0.4496113296546067,0.0,-0.5012620160393939
27.4375,0.4275550934302831,0.0,-0.6519595316907567
27.46875,0.4052413140049918,0.0,-0.5978632182421032
27.5,0.38268343236508934,0.0,-0.3760051434647027
27.53125,0.3598950365349886,0.0,-0.1318607420281541
27.5625,0.33688985339222144,0.0,-0.06656198113095162
27.59375,0.3136817403988938,0.0,0.1782263630672074
27.625,0.2902846772544622,0.0,0.33848929002602524
27.65625,0.2667127574748992,0.0,0.48130424260430593
27.6875,0.24298017990326562,0.0,0.5879147307608301
27.71875,0.21910124015686902,0.0,0.3981013440137061
27.75,0.19509032201612844,0.0,0.3527077350522928
27.78125,0.17096188876030236,0.0,0.46476042340760065
27.8125,0.14673047445536386,0.0,0.4514137495797757
27.84375,0.12241067519921575,0.0,0.40370726145291086
27.875,0.09801714032956112,0.0,0.29800915289169994
27.90625,0.07356456359966891,0.0,0.14096566042023875
27.9375,0.04906767432742048,0.0,0.027680319548692843
27.96875,0.024541228522912174,0.0,-0.14411804048104937
28.0,8.572527594031472e-16,0.0,-0.3143644364844035
28.03125,-0.02454122852291046,0.0,-0.0413211390614313
28.0625,-0.049067674327418764,0.0,0.15549603352690128
28.09375,-0.0735645635996672,0.0,0.2167975442146567
28.125,-0.09801714032955941,0.0,0.08991515431059878
28.15625,-0.12241067519921404,0.0,0.018864859740462682
28.1875,-0.14673047445536216,0.0,-0.06433049811638192
28.21875,-0.17096188876030066,0.0,0.17445126255255936
28.25,-0.19509032201612678,0.0,0.11989128208966646
28.28125,-0.21910124015686736,0.0,0.14298887444002184
28.3125,-0.24298017990326395,0.0,0.10110135102060422
28.34375,-0.26671275747489753,0.0,-0.17245513051887074
28.375,-0.29028467725446055,0.0,-0.23262451056299066
28.40625,-0.31368174039889213,0.0,-0.1724727232015403
28.4375,-0.33688985339221983,0.0,-0.23131763616848003
28.46875,-0.359895036534987,0.0,-0.28577572282814473
28.5,-0.38268343236508773,0.0,0.11114311347788502
28.53125,-0.4052413140049902,0.0,-0.10812557209741315
28.5625,-0.42755509343028153,0.0,0.02749182400430078
28.59375,-0.4496113296546052,0.0,0.050148086464358685
28.625,-0.4713967368259954,0.0,0.15483267911430282
28.65625,-0.49289819222978404,0.0,0.15820083432440787
28.6875,-0.5141027441932209,0.0,0.06552119556255401
28.71875,-0.5349976198870956,0.0,-0.2504358550392827
28.75,-0.5555702330196027,0.0,-0.2099014359357538
28.78125,-0.575808191417845,0.0,-0.12249124769334195
28.8125,-0.5956993044924324,0.0,-0.2042428902861826
28.84375,-0.615231590580625,0.0,-0.2006239723596805
28.875,-0.6343932841636457,0.0,-0.17550789904781133
28.90625,-0.6531728429537763,0.0,-0.2455765195776229
28.9375,-0.6715589548470172,0.0,-0.20689296685441588
28.96875,-0.689540544737065,0.0,-0.13345043856168126
29.0,-0.7071067811865476,0.0,-0.2571356319842607
29.03125,-0.7242470829514662,0.0,-0.027677378586794962
29.0625,-0.7409511253549578,0.0,0.01481797996633186
29.09375,-0.757208846506485,0.0,-0.24421808360494524
29.125,-0.7730104533627368,0.0,-0.1936394781751234
29.15625,-0.7883464276266055,0.0,-0.1940645807343176
29.1875,-0.8032075314806436,0.0,-0.27436879226194294
29.21875,-0.8175848131515838,0.0,-0.3948457082816308
29.25,-0.8314696123025449,0.0,-0.5222052202797285
29.28125,-0.8448535652497062,0.0,-0.20049118628456503
29.3125,-0.8577286100002707,0.0,0.29286843947486974
29.34375,-0.8700869911087113,0.0,0.14082355177064224
29.375,-0.8819212643483546,0.0,0.22235210835192906
29.40625,-0.8932243011955144,0.0,0.40497432507693026
29.4375,-0.9039892931234436,0.0,0.27980417545265845
29.46875,-0.9142097557035305,0.0,0.24771040844787973
29.5,-0.9238795325112863,0.0,0.46228725576630614
29.53125,-0.9329927988347381,0.0,0.7667850397771022
29.5625,-0.9415440651830209,0.0,0.8401853443252728
29.59375,-0.9495281805930365,0.0,0.5301309838600392
29.625,-0.9569403357322084,0.0,0.30978516551505964
29.65625,-0.9637760657954392,0.0,0.31863632232974093
29.6875,-0.970031253194544,0.0,0.2854891051179478
29.71875,-0.9757021300385283,0.0,0.3533137687922117
29.75,-0.9807852804032301,0.0,0.033848606642529755
29.78125,-0.9852776423889413,0.0,0.07426483645854948
29.8125,-0.9891765099647809,0.0,-0.0794684706937749
29.84375,-0.9924795345987099,0.0,-0.19401695849905606
29.875,-0.9951847266721967,0.0,-0.22860967857462405
29.90625,-0.9972904566786902,0.0,-0.1187056997842494
29.9375,-0.9987954562051724,0.0,-0.4203091053630766
29.96875,-0.9996988186962041,0.0,-0.5866007579564048
30.0,-1.0,0.0,-0.714961650380921
30.03125,-0.9996988186962042,0.0,-0.7594560630164875
30.0625,-0.9987954562051724,0.0,-0.5520203156266866
30.09375,-0.9972904566786903,0.0,-0.5083646303006029
30.125,-0.9951847266721968,0.0,-0.5443859216303051
30.15625,-0.9924795345987101,0.0,-0.6149185208844424
30.1875,-0.9891765099647812,0.0,-0.5168327289862059
30.21875,-0.9852776423889417,0.0,-0.5342038357752613
30.25,-0.9807852804032304,0.0,-0.3676948778350489
30.28125,-0.9757021300385287,0.0,-0.31158278344664714
30.3125,-0.9700312531945444,0.0,-0.15955756577469096
30.34375,-0.9637760657954396,0.0,-0.22570415118196438
30.375,-0.9569403357322089,0.0,-0.07333754442224152
30.40625,-0.949528180593037,0.0,-0.38302503920856823
30.4375,-0.9415440651830215,0.0,-0.4125106377695768
30.46875,-0.9329927988347387,0.0,-0.3044536483231948
30.5,-0.923879532511287,0.0,-0.48367383865407954
30.53125,-0.9142097557035312,0.0,-0.42071575518586446
30.5625,-0.9039892931234443,0.0,-0.2884856542191329
30.59375,-0.8932243011955152,0.0,0.03147979722528814
30.625,-0.8819212643483554,0.0,0.1442797421741053
30.65625,-0.8700869911087123,0.0,0.24649572425757052
30.6875,-0.8577286100002717,0.0,0.1772455458584732
30.71875,-0.8448535652497072,0.0,0.46518844197142134
30.75,-0.8314696123025459,0.0,0.3437337979100689
30.78125,-0.8175848131515849,0.0,0.1687087038414158
30.8125,-0.8032075314806446,0.0,0.30768248409218324
30.84375,-0.7883464276266066,0.0,0.20384236335776693
30.875,-0.7730104533627379,0.0,0.06889632816751629
30.90625,-0.7572088465064861,0.0,0.04362363712615214
30.9375,-0.740951125354959,0.0,-0.16639267728778295
30.96875,-0.7242470829514676,0.0,-0.18459527025178304
31.0,-0.7071067811865488,0.0,-0.12034790531801628
31.03125,-0.6895405447370664,0.0,-0.031327644397778964
31.0625,-0.6715589548470186,0.0,0.037141046425720546
31.09375,-0.6531728429537776,0.0,0.2847862536933859
31.125,-0.6343932841636472,0.0,0.04884491834129989
31.15625,-0.6152315905806265,0.0,0.14843007859118773
31.1875,-0.5956993044924338,0.0,0.18339268328268626
31.21875,-0.5758081914178466,0.0,-0.06393119057968201
31.25,-0.5555702330196043,0.0,-0.006505317715424815
31.28125,-0.5349976198870972,0.0,-0.13217970565281437
31.3125,-0.5141027441932225,0.0,-0.13449210524528443
31.34375,-0.49289819222978565,0.0,-0.1271649957845907
31.375,-0.47139673682599703,0.0,-0.08758619137166711
31.40625,-0.4496113296546068,0.0,-0.16637376242876328
31.4375,-0.4275550934302832,0.0,-0.09129701942174576
31.46875,-0.4052413140049919,0.0,-0.18287602626871813
31.5,-0.38268343236508945,0.0,-0.08323540899952957
31.53125,-0.3598950365349887,0.0,-0.07563851381550382
31.5625,-0.33688985339222155,0.0,-0.14764485551348838
31.59375,-0.3136817403988939,0.0,-0.05931094013243191
31.625,-0.29028467725446233,0.0,-0.11500938041770808
31.65625,-0.2667127574748993,0.0,-0.09496900254637688
31.6875,-0.24298017990326576,0.0,-0.12238788614160226
31.71875,-0.21910124015686916,0.0,-0.16516202137116406
31.75,-0.19509032201612858,0.0,-0.066576612788965
31.78125,-0.1709618887603025,0.0,0.1829253827898188
31.8125,-0.14673047445536397,0.0,0.09537646956927362
31.84375,-0.12241067519921588,0.0,0.3244795964209173
31.875,-0.09801714032956124,0.0,0.32954917041829573
31.90625,-0.07356456359966904,0.0,0.25397137728704566
31.9375,-0.049067674327420596,0.0,0.24560368916029499
31.96875,-0.024541228522912295,0.0,0.04527017236318857
32.0,-9.797174393178826e-16,0.0,0.13504485326806362
32.03125,0.024541228522910335,0.0,0.06937545380036535
32.0625,0.04906767432741864,0.0,0.01925546712433676
32.09375,0.07356456359966708,0.0,-0.34764231162997306
32.125,0.09801714032955929,0.0,-0.3943460679261701
32.15625,0.12241067519921392,0.0,-0.43156480806646674
32.1875,0.14673047445536205,0.0,-0.23447430717812
32.21875,0.17096188876030055,0.0,-0.2742094965830918
32.25,0.19509032201612664,0.0,-0.2845616788956312
32.28125,0.21910124015686724,0.0,-0.43208007217791544
32.3125,0.24298017990326384,0.0,-0.647092635452437
32.34375,0.2667127574748974,0.0,-0.64644285452353
32.375,0.29028467725446044,0.0,-0.5551802491707598
32.40625,0.313681740398892,0.0,-0.3413521759641743
32.4375,0.3368898533922197,0.0,-0.5406751810341215
32.46875,0.3598950365349869,0.0,-0.4132607259640563
32.5,0.3826834323650876,0.0,-0.6256767166107398
32.53125,0.4052413140049901,0.0,-0.4526072399325185
32.5625,0.4275550934302814,0.0,-0.36256883966608433
32.59375,0.4496113296546051,0.0,-0.20956796758347832
32.625,0.4713967368259953,0.0,0.12072481003685132
32.65625,0.492898192229784,0.0,0.2932478676585254
32.6875,0.5141027441932208,0.0,0.41399506300166483
32.71875,0.5349976198870955,0.0,0.34141969008160483
32.75,0.5555702330196027,0.0,0.48716644948564947
32.78125,0.575808191417845,0.0,0.42199337569467243
32.8125,0.5956993044924322,0.0,0.597372511274025
32.84375,0.6152315905806249,0.0,0.6428646302770482
32.875,0.6343932841636457,0.0,0.5861211972746764
32.90625,0.6531728429537762,0.0,0.6534035180035445
32.9375,0.6715589548470171,0.0,0.6496769947125929
32.96875,0.6895405447370649,0.0,0.4941593283898096
33.0,0.7071067811865475,0.0,0.2891812225381565
33.03125,0.7242470829514662,0.0,0.16738332392951538
33.0625,0.7409511253549577,0.0,0.1599005575659841
33.09375,0.7572088465064849,0.0,0.1528209318253855
33.125,0.7730104533627367,0.0,0.08262777469354465
33.15625,0.7883464276266053,0.0,-0.0498080171010956
33.1875,0.8032075314806435,0.0,0.07079998066870533
33.21875,0.8175848131515838,0.0,0.05902941016560188
33.25,0.8314696123025448,0.0,-0.2531297871358583
33.28125,0.8448535652497061,0.0,-0.2306822988679108
33.3125,0.8577286100002707,0.0,-0.15467986163781292
33.34375,0.8700869911087113,0.0,-0.06358857784912594
33.375,0.8819212643483545,0.0,-0.0001603368563039831
33.40625,0.8932243011955143,0.0,-0.04596476069813511
33.4375,0.9039892931234436,0.0,-0.18121732810289526
33.46875,0.9142097557035305,0.0,-0.1413192190197911
33.5,0.9238795325112862,0.0,-0.1796743218808288
33.53125,0.932992798834738,0.0,-0.11524184686971228
33.5625,0.9415440651830208,0.0,0.044693343619669916
33.59375,0.9495281805930365,0.0,0.16777278098149345
33.625,0.9569403357322084,0.0,-0.16502508317555678
33.65625,0.9637760657954392,0.0,-0.07194655726042162
33.6875,0.970031253194544,0.0,-0.12628381158665086
33.71875,0.9757021300385282,0.0,-0.10498074395308105
33.75,0.98078528040323,0.0,0.11450322534292741
33.78125,0.9852776423889413,0.0,0.306066243945565
33.8125,0.9891765099647809,0.0,0.28892743428020073
33.84375,0.9924795345987099,0.0,0.4231057436533109
33.875,0.9951847266721966,0.0,0.33509322686123927
33.90625,0.9972904566786902,0.0,0.2407799612293977
33.9375,0.9987954562051724,0.0,0.5978497536159263
33.96875,0.9996988186962041,0.0,0.7564376076387879
34.0,1.0,0.0,0.6346118825262654
34.03125,0.9996988186962042,0.0,0.4122440095971137
34.0625,0.9987954562051724,0.0,0.29113957449087513
34.09375,0.9972904566786904,0.0,0.1765400578345031
34.125,0.9951847266721968,0.0,0.11341540109482172
34.15625,0.9924795345987101,0.0,-0.05721393275350509
34.1875,0.9891765099647812,0.0,0.012900591549062784
34.21875,0.9852776423889417,0.0,0.016685274929882938
34.25,0.9807852804032304,0.0,-0.05758884726686247
34.28125,0.9757021300385288,0.0,-0.2710448946007836
34.3125,0.9700312531945444,0.0,-0.024755258067695823
34.34375,0.9637760657954397,0.0,0.22685950992739506
34.375,0.9569403357322089,0.0,0.04056842258483401
34.40625,0.949528180593037,0.0,-0.15577204277337744
34.4375,0.9415440651830215,0.0,-0.20779545046164788
34.46875,0.9329927988347387,0.0,-0.2977916214637441
34.5,0.923879532511287,0.0,-0.18650392229434593
34.53125,0.9142097557035312,0.0,-0.3046532982128289
34.5625,0.9039892931234444,0.0,-0.20925568280803383
34.59375,0.8932243011955153,0.0,-0.12153482392172192
34.625,0.8819212643483555,0.0,-0.3588791075386186
34.65625,0.8700869911087123,0.0,-0.40864635197994664
34.6875,0.8577286100002717,0.0,-0.0801740229147287
34.71875,0.8448535652497072,0.0,0.12968069518068803
34.75,0.8314696123025459,0.0,0.11299820283492082
34.78125,0.817584813151585,0.0,0.38595116282013886
34.8125,0.8032075314806447,0.0,0.15476024013144576
34.84375,0.7883464276266067,0.0,0.397535672443869
34.875,0.773010453362738,0.0,0.12252896628865206
34.90625,0.7572088465064862,0.0,0.01954194374044287
34.9375,0.7409511253549591,0.0,0.19025755724586918
34.96875,0.7242470829514676,0.0,0.37943308462629205
35.0,0.7071067811865489,0.0,0.19269803128435886
35.03125,0.6895405447370665,0.0,0.0201843930914323
35.0625,0.6715589548470187,0.0,0.24766902751057002
35.09375,0.6531728429537778,0.0,-0.014224807815304996
35.125,0.6343932841636473,0.0,0.04556048080516639
35.15625,0.6152315905806266,0.0,-0.117304738375821
35.1875,0.5956993044924339,0.0,-0.05298992105676126
35.21875,0.5758081914178467,0.0,-0.17542629978372862
35.25,0.5555702330196044,0.0,-0.017230669318519964
35.28125,0.5349976198870973,0.0,-0.2986706987699043
35.3125,0.5141027441932225,0.0,-0.3465234722772683
35.34375,0.49289819222978576,0.0,-0.2124019988313206
35.375,0.47139673682599714,0.0,-0.4582611904761271
35.40625,0.44961132965460693,0.0,-0.18747474480957257
35.4375,0.4275550934302833,0.0,-0.024850243660468382
35.46875,0.405241314004992,0.0,-0.005963181721247945
35.5,0.38268343236508956,0.0,0.3395492123966305
35.53125,0.35989503653498883,0.0,0.688393869042035
35.5625,0.33688985339222166,0.0,0.5831442082132153
35.59375,0.313681740398894,0.0,0.4361551317383886
35.625,0.29028467725446244,0.0,0.5799385736757
35.65625,0.2667127574748994,0.0,0.48528642139662986
35.6875,0.24298017990326587,0.0,0.682423686579155
35.71875,0.21910124015686927,0.0,0.4565564471425694
35.75,0.1950903220161287,0.0,0.34639877700578886
35.78125,0.1709618887603026,0.0,0.5388147891471653
35.8125,0.1467304744553641,0.0,0.3521146829922976
35.84375,0.12241067519921599,0.0,0.2434391495500397
35.875,0.09801714032956137,0.0,0.3883140198179542
35.90625,0.07356456359966916,0.0,0.6373151549146073
35.9375,0.04906767432742072,0.0,0.6079311231394003
35.96875,0.024541228522912416,0.0,0.6175875493756097
36.0,1.102182119232618e-15,0.0,0.5572790945921514
36.03125,-0.024541228522910213,0.0,0.5819088434749021
36.0625,-0.04906767432741852,0.0,0.6865066215884986
36.09375,-0.07356456359966695,0.0,0.27148757286950354
36.125,-0.09801714032955917,0.0,0.2342965284848194
36.15625,-0.12241067519921381,0.0,0.037481904848034514
36.1875,-0.14673047445536191,0.0,-0.2474772151044725
36.21875,-0.17096188876030044,0.0,-0.4451216970057088
36.25,-0.19509032201612653,0.0,-0.43494832552020934
36.28125,-0.2191012401568671,0.0,-0.4603723251367173
36.3125,-0.24298017990326373,0.0,-0.5372659027158969
36.34375,-0.2667127574748973,0.0,-0.623437919116171
36.375,-0.29028467725446033,0.0,-0.6652971996715504
36.40625,-0.3136817403988919,0.0,-0.34277195113390635
36.4375,-0.33688985339221955,0.0,-0.2546112344514585
36.46875,-0.3598950365349868,0.0,-0.05414701659379759
36.5,-0.3826834323650875,0.0,0.06569382550765637
36.53125,-0.40524131400498997,0.0,0.003929187555312297
36.5625,-0.4275550934302813,0.0,0.028970335487249907
36.59375,-0.449611329654605,0.0,-0.07359419988089815
36.625,-0.4713967368259952,0.0,-0.010163292954427451
36.65625,-0.49289819222978387,0.0,0.040192860069974606
36.6875,-0.5141027441932207,0.0,0.1094631881512433
36.71875,-0.5349976198870954,0.0,-0.054662989193068626
36.75,-0.5555702330196026,0.0,-0.07440880120844665
36.78125,-0.5758081914178449,0.0,-0.12991728040330128
36.8125,-0.5956993044924321,0.0,-0.10997213785849527
36.84375,-0.6152315905806249,0.0,0.16001619960860525
36.875,-0.6343932841636456,0.0,0.2339363638110061
36.90625,-0.6531728429537761,0.0,0.4026964272317741
36.9375,-0.671558954847017,0.0,0.545014332146412
36.96875,-0.6895405447370648,0.0,0.40070652755444525
37.0,-0.7071067811865474,0.0,0.11798269036572229
37.03125,-0.7242470829514661,0.0,0.3631620085406192
37.0625,-0.7409511253549576,0.0,0.2726361438467338
37.09375,-0.7572088465064848,0.0,0.19403548742831397
37.125,-0.7730104533627365,0.0,0.15279878663947677
37.15625,-0.7883464276266053,0.0,-0.10924362774170314
37.1875,-0.8032075314806434,0.0,-0.16737790279063094
37.21875,-0.8175848131515837,0.0,-0.26833483298207195
37.25,-0.8314696123025447,0.0,-0.6643541821284051
37.28125,-0.844853565249706,0.0,-0.4008145147138671
37.3125,-0.8577286100002706,0.0,-0.14387029685273114
37.34375,-0.8700869911087112,0.0,-0.24982219695432384
37.375,-0.8819212643483544,0.0,-0.13614226714216868
37.40625,-0.8932243011955143,0.0,-0.11313813489562449
37.4375,-0.9039892931234434,0.0,-0.05907780543453023
37.46875,-0.9142097557035304,0.0,0.12779380912799454
37.5,-0.9238795325112862,0.0,0.07082624382623894
37.53125,-0.932992798834738,0.0,0.17122992665164907
37.5625,-0.9415440651830208,0.0,0.4401103086389978
37.59375,-0.9495281805930363,0.0,0.2267744744766612
37.625,-0.9569403357322083,0.0,0.04195816993670001
37.65625,-0.9637760657954391,0.0,0.1045355805598118
37.6875,-0.9700312531945439,0.0,0.05339309812452509
37.71875,-0.9757021300385282,0.0,-0.009340420462795887
37.75,-0.98078528040323,0.0,0.08290290531300057
37.78125,-0.9852776423889413,0.0,-0.03326200293068861
37.8125,-0.9891765099647809,0.0,0.10474794715548558
37.84375,-0.9924795345987097,0.0,0.31991152380459675
37.875,-0.9951847266721966,0.0,0.2193535220813921
37.90625,-0.9972904566786902,0.0,0.356897435059678
37.9375,-0.9987954562051723,0.0,0.5033041539607982
37.96875,-0.9996988186962041,0.0,0.25064466527320994
38.0,-1.0,0.0,0.13323721799009547
38.03125,-0.9996988186962042,0.0,0.170395692042753
38.0625,-0.9987954562051724,0.0,-0.11862308437594042
38.09375,-0.9972904566786904,0.0,0.04453292262134401
38.125,-0.9951847266721968,0.0,-0.11650418905388549
38.15625,-0.9924795345987101,0.0,-0.3993678777205719
38.1875,-0.9891765099647812,0.0,-0.3487965874123677
38.21875,-0.9852776423889417,0.0,-0.21290252402004253
38.25,-0.9807852804032304,0.0,-0.06325065380989042
38.28125,-0.9757021300385288,0.0,-0.014388929764815164
38.3125,-0.9700312531945445,0.0,-0.1405904891577775
38.34375,-0.9637760657954397,0.0,0.02683771610589894
38.375,-0.9569403357322089,0.0,0.2557201591757153
38.40625,-0.9495281805930371,0.0,0.16425614359487203
38.4375,-0.9415440651830216,0.0,0.25711082677047997
38.46875,-0.9329927988347388,0.0,0.24421596343975283
38.5,-0.9238795325112871,0.0,0.37592191924992147
38.53125,-0.9142097557035314,0.0,0.14329639838909208
38.5625,-0.9039892931234444,0.0,-0.02321732529428442
38.59375,-0.8932243011955153,0.0,0.03671796679195336
38.625,-0.8819212643483555,0.0,0.3089474144517997
38.65625,-0.8700869911087125,0.0,0.15475568626359698
38.6875,-0.8577286100002718,0.0,-0.0924873948747412
38.71875,-0.8448535652497073,0.0,-0.2868596490415247
38.75,-0.831469612302546,0.0,-0.3144662050047399
38.78125,-0.817584813151585,0.0,-0.2897526131168895
38.8125,-0.8032075314806448,0.0,-0.28255416452054516
38.84375,-0.7883464276266068,0.0,0.03301627455850811
38.875,-0.7730104533627381,0.0,0.002192121018051195
38.90625,-0.7572088465064863,0.0,0.18321262086246093
38.9375,-0.7409511253549592,0.0,0.16493603979252153
38.96875,-0.7242470829514677,0.0,0.10630325299138306
39.0,-0.707106781186549,0.0,0.3205678628865992
39.03125,-0.6895405447370666,0.0,0.45547157272905003
39.0625,-0.6715589548470188,0.0,0.42812242625642344
39.09375,-0.6531728429537779,0.0,0.4949276385095372
39.125,-0.6343932841636474,0.0,0.575888571224707
39.15625,-0.6152315905806267,0.0,0.3177820128170775
39.1875,-0.595699304492434,0.0,0.2652059165826001
39.21875,-0.5758081914178468,0.0,0.16550077845257086
39.25,-0.5555702330196045,0.0,0.04464622631759192
39.28125,-0.5349976198870974,0.0,0.11241875614261833
39.3125,-0.5141027441932227,0.0,-0.031907756739083026
39.34375,-0.49289819222978587,0.0,0.08314853013508774
39.375,-0.47139673682599725,0.0,0.02893630855684022
39.40625,-0.44961132965460704,0.0,0.15049872358167274
39.4375,-0.4275550934302834,0.0,0.03512455114300614
39.46875,-0.40524131400499214,0.0,-0.17060310975657872
39.5,-0.38268343236508967,0.0,-0.11453398542285058
39.53125,-0.35989503653498894,0.0,-0.13984927796836844
39.5625,-0.33688985339222177,0.0,0.13025897527018512
39.59375,-0.3136817403988941,0.0,0.07876000299302635
39.625,-0.29028467725446255,0.0,0.14714684862027178
39.65625,-0.26671275747489953,0.0,0.12091785597346445
39.6875,-0.24298017990326598,0.0,0.13278856466503147
39.71875,-0.21910124015686938,0.0,0.1770869020700353
39.75,-0.1950903220161288,0.0,0.10658991590391642
39.78125,-0.17096188876030272,0.0,0.33594462892282567
39.8125,-0.14673047445536422,0.0,0.4311356763386805
39.84375,-0.12241067519921611,0.0,0.38438115594081346
39.875,-0.09801714032956149,0.0,0.2666069355897487
39.90625,-0.07356456359966927,0.0,0.1790125031585416
39.9375,-0.049067674327420846,0.0,0.1807975662975643
39.96875,-0.02454122852291254,0.0,0.09999844898659392
40.0,-1.2246467991473533e-15,0.0,0.07709551381783566
40.03125,0.024541228522910092,0.0,0.05322464845135827
40.0625,0.0490676743274184,0.0,-0.1106074452286479
40.09375,0.07356456359966683,0.0,-0.16089902182167556
40.125,0.09801714032955905,0.0,-0.24648630324637058
40.15625,0.12241067519921368,0.0,-0.25088772590610064
40.1875,0.1467304744553618,0.0,-0.17350451667391276
40.21875,0.1709618887603003,0.0,-0.1080569153207788
40.25,0.19509032201612642,0.0,-0.005491682854866203
40.28125,0.219101240156867,0.0,0.046765237653025885
40.3125,0.24298017990326362,0.0,0.14757254589172064
40.34375,0.26671275747489714,0.0,0.06548802696505669
40.375,0.2902846772544602,0.0,0.3071278776604007
40.40625,0.3136817403988918,0.0,0.356704877645365
40.4375,0.33688985339221944,0.0,0.33061162477709694
40.46875,0.35989503653498667,0.0,0.3091674996882953
40.5,0.3826834323650874,0.0,0.18831308952747758
40.53125,0.40524131400498986,0.0,0.48951399717423066
40.5625,0.4275550934302812,0.0,0.5563091773650195
40.59375,0.4496113296546049,0.0,0.4539292570437307
40.625,0.4713967368259951,0.0,0.3582281811362902
40.65625,0.49289819222978376,0.0,0.30019962793455685
40.6875,0.5141027441932206,0.0,0.3809801780696819
40.71875,0.5349976198870953,0.0,0.29434616351060067
40.75,0.5555702330195995,0.0,0.2804632011759054
40.78125,0.5758081914178448,0.0,0.24909325552326145
40.8125,0.5956993044924349,0.0,0.2791328568304489
40.84375,0.6152315905806248,0.0,0.018398984497994313
40.875,0.6343932841636455,0.0,0.03452420441605311
40.90625,0.6531728429537733,0.0,0.06509236752767163
40.9375,0.6715589548470169,0.0,-0.033541671801459186
40.96875,0.6895405447370674,0.0,-0.09442512570693111
41.0,0.7071067811865448,0.0,-0.22777903392964027
41.03125,0.724247082951466,0.0,-0.25539167253963074
41.0625,0.7409511253549599,0.0,-0.19129796014897854
41.09375,0.7572088465064823,0.0,-0.21383654000947505
41.125,0.7730104533627365,0.0,-0.24044049231365444
41.15625,0.7883464276266074,0.0,-0.1600582782709834
41.1875,0.8032075314806433,0.0,-0.35481101974595
41.21875,0.8175848131515837,0.0,-0.1251061684492673
41.25,0.8314696123025427,0.0,-0.005315970409953779
41.28125,0.844853565249706,0.0,0.016406778553670787
41.3125,0.8577286100002723,0.0,0.041773779682500484
41.34375,0.8700869911087095,0.0,0.022607479596696026
41.375,0.8819212643483544,0.0,-0.06961496103436664
41.40625,0.8932243011955159,0.0,-0.06104253970078466
41.4375,0.9039892931234419,0.0,-0.20085159132120925
41.46875,0.9142097557035304,0.0,-0.31855506889465407
41.5,0.9238795325112875,0.0,-0.07136369354113417
41.53125,0.932992798834738,0.0,-0.08021008214022729
41.5625,0.9415440651830207,0.0,-0.22764726000992658
41.59375,0.9495281805930352,0.0,-0.26227724380676626
41.625,0.9569403357322083,0.0,-0.35355874473731036
41.65625,0.9637760657954401,0.0,-0.32793760034683017
41.6875,0.970031253194543,0.0,-0.3429415226399952
41.71875,0.9757021300385282,0.0,-0.02336105470482086
41.75,0.9807852804032307,0.0,0.15427934937307158
41.78125,0.9852776423889407,0.0,0.23233091061269256
41.8125,0.9891765099647809,0.0,-0.028433210637013276
41.84375,0.9924795345987102,0.0,-0.14882155492074742
41.875,0.9951847266721966,0.0,0.0904740713942119
41.90625,0.9972904566786902,0.0,0.13330763009354463
41.9375,0.9987954562051722,0.0,-0.013565698403459586
41.96875,0.9996988186962041,0.0,-0.11346312819573093
42.0,1.0,0.0,-0.11055867393015113
42.03125,0.9996988186962044,0.0,-0.30531198923950564
42.0625,0.9987954562051725,0.0,-0.38191355141257505
42.09375,0.9972904566786901,0.0,-0.4973695694125494
42.125,0.9951847266721973,0.0,-0.4080976540924381
42.15625,0.9924795345987101,0.0,-0.392386379277347
42.1875,0.9891765099647807,0.0,-0.5635916926900916
42.21875,0.9852776423889417,0.0,-0.4159534727471326
42.25,0.9807852804032305,0.0,-0.13147689009417599
42.28125,0.9757021300385296,0.0,0.18330318410275262
42.3125,0.9700312531945445,0.0,0.14059689110673204
42.34375,0.9637760657954397,0.0,-0.0162946144407366
42.375,0.95694033573221,0.0,0.08546703571507609
42.40625,0.9495281805930371,0.0,0.10101185378658824
42.4375,0.9415440651830204,0.0,-0.06625026730341312
42.46875,0.9329927988347402,0.0,-0.0030577489760384158
42.5,0.9238795325112871,0.0,0.1795927643711272
42.53125,0.9142097557035299,0.0,-0.023450875023972875
42.5625,0.9039892931234446,0.0,-0.17534146246426502
42.59375,0.8932243011955154,0.0,-0.36922655414425276
42.625,0.8819212643483573,0.0,-0.21206062048120444
42.65625,0.8700869911087125,0.0,0.05345471726963265
42.6875,0.8577286100002719,0.0,0.09930274908304527
42.71875,0.8448535652497092,0.0,0.2598048466601883
42.75,0.8314696123025461,0.0,0.35835253767461084
42.78125,0.817584813151583,0.0,0.2709045517761947
42.8125,0.8032075314806469,0.0,0.19367740654574558
42.84375,0.7883464276266068,0.0,0.22209135958399406
42.875,0.7730104533627359,0.0,0.1256007473802564
42.90625,0.7572088465064863,0.0,0.15984530928018545
42.9375,0.7409511253549593,0.0,-0.07974755256647784
42.96875,0.7242470829514702,0.0,-0.20294337787352015
43.0,0.707106781186549,0.0,-0.45067914221699923
43.03125,0.6895405447370666,0.0,-0.46298187039502625
43.0625,0.6715589548470214,0.0,-0.590706272203277
43.09375,0.653172842953778,0.0,-0.6266084598379323
43.125,0.6343932841636447,0.0,-0.6530031642036376
43.15625,0.6152315905806296,0.0,-0.5060426807039695
43.1875,0.5956993044924341,0.0,-0.328641527214026
43.21875,0.5758081914178439,0.0,-0.29056299378499506
43.25,0.5555702330196046,0.0,-0.023681096964394646
43.28125,0.5349976198870975,0.0,0.010901277438844358
43.3125,0.5141027441932259,0.0,0.2502867403556105
43.34375,0.492898192229786,0.0,0.1510758710364264
43.375,0.47139673682599736,0.0,0.30209078285116187
43.40625,0.4496113296546103,0.0,0.421883832386874
43.4375,0.42755509343028353,0.0,0.3952974769013437
43.46875,0.405241314004989,0.0,0.36083616612044356
43.5,0.38268343236509306,0.0,0.24803762158607348
43.53125,0.35989503653498905,0.0,0.20186596023477046
43.5625,0.33688985339221855,0.0,0.21081908996220905
43.59375,0.31368174039889424,0.0,0.1534396426701563
43.625,0.29028467725446266,0.0,-0.08976087489124894
43.65625,0.2667127574749031,0.0,-0.23562045020467726
43.6875,0.2429801799032661,0.0,-0.37078865465847366
43.71875,0.2191012401568695,0.0,-0.3235188982717273
43.75,0.1950903220161324,0.0,-0.33139241001324304
43.78125,0.17096188876030285,0.0,-0.26206389264241853
43.8125,0.14673047445536083,0.0,-0.14393701986070512
43.84375,0.12241067519921976,0.0,-0.19738937552739366
43.875,0.0980171403295616,0.0,-0.3428742445754771
43.90625,0.07356456359966586,0.0,-0.30874691540628457
43.9375,0.049067674327420964,0.0,-0.15332297754178467
43.96875,0.024541228522912663,0.0,0.12905791873905642
44.0,4.899825157862589e-15,0.0,0.46669022146611117
44.03125,-0.02454122852290997,0.0,0.33769034708523527
44.0625,-0.04906767432741827,0.0,0.544785888840813
44.09375,-0.07356456359966317,0.0,0.24429732831525144
44.125,-0.09801714032955892,0.0,0.24812829193251168
44.15625,-0.12241067519921708,0.0,0.4580814925081488
44.1875,-0.14673047445535817,0.0,0.38219759304909484
44.21875,-0.1709618887603002,0.0,0.3691574457141262
44.25,-0.19509032201612977,0.0,0.36417340831121
44.28125,-0.21910124015686688,0.0,0.31332338986797825
44.3125,-0.24298017990326348,0.0,0.20262599312769858
44.34375,-0.2667127574749005,0.0,0.2813327418482063
44.375,-0.2902846772544601,0.0,0.23013458373149534
44.40625,-0.3136817403988917,0.0,0.34845511800345935
44.4375,-0.336889853392216,0.0,0.3046366092084555
44.46875,-0.35989503653498656,0.0,0.24243356712430109
44.5,-0.38268343236509056,0.0,0.3815790223745762
44.53125,-0.40524131400498653,0.0,0.2946621619234232
44.5625,-0.4275550934302811,0.0,0.31571097484974464
44.59375,-0.4496113296546079,0.0,0.20033273166389143
44.625,-0.471396736825995,0.0,0.128018943980925
44.65625,-0.49289819222978365,0.0,0.24838210553620177
44.6875,-0.5141027441932235,0.0,0.22048364065531156
44.71875,-0.5349976198870952,0.0,0.4410860578433197
44.75,-0.5555702330196024,0.0,0.4899719654223451
44.78125,-0.5758081914178418,0.0,0.5603413507156794
44.8125,-0.5956993044924319,0.0,0.3612730870700362
44.84375,-0.6152315905806275,0.0,0.424484859525557
44.875,-0.6343932841636426,0.0,0.5067730942972665
44.90625,-0.6531728429537759,0.0,0.3984775433657709
44.9375,-0.6715589548470194,0.0,0.24241813860182568
44.96875,-0.6895405447370647,0.0,0.24556028766420962
45.0,-0.7071067811865471,0.0,0.17627683334971223
45.03125,-0.7242470829514683,0.0,-0.0070815868920967966
45.0625,-0.7409511253549574,0.0,-0.12715644094179723
45.09375,-0.7572088465064847,0.0,-0.36224749355965
45.125,-0.7730104533627342,0.0,-0.21499976015543032
45.15625,-0.7883464276266051,0.0,-0.30209623655604473
45.1875,-0.8032075314806454,0.0,-0.5665542499947265
45.21875,-0.8175848131515816,0.0,-0.2815675823530503
45.25,-0.8314696123025446,0.0,0.024056043898501855
45.28125,-0.8448535652497078,0.0,-0.2926067003365045
45.3125,-0.8577286100002705,0.0,-0.13827066713507485
45.34375,-0.8700869911087111,0.0,-0.006180504470149589
45.375,-0.881921264348356,0.0,0.03580600322193661
45.40625,-0.8932243011955142,0.0,0.11466660345525567
45.4375,-0.9039892931234433,0.0,0.19215576123946385
45.46875,-0.9142097557035289,0.0,0.3584718529968355
45.5,-0.9238795325112861,0.0,0.587294922764129
45.53125,-0.9329927988347392,0.0,0.6090744542054378
45.5625,-0.9415440651830195,0.0,0.3950558379493659
45.59375,-0.9495281805930363,0.0,0.48645125381739923
45.625,-0.9569403357322093,0.0,0.37376899825696697
45.65625,-0.9637760657954391,0.0,0.3451785305018401
45.6875,-0.9700312531945439,0.0,0.38374669471523193
45.71875,-0.975702130038529,0.0,0.2845776832958512
45.75,-0.98078528040323,0.0,0.2769389210442781
45.78125,-0.9852776423889412,0.0,0.2603097058902064
45.8125,-0.9891765099647803,0.0,0.032946858005913626
45.84375,-0.9924795345987097,0.0,-0.17463814790827142
45.875,-0.9951847266721969,0.0,-0.09452123292823747
45.90625,-0.99729045667869,0.0,-0.16863227964772742
45.9375,-0.9987954562051723,0.0,-0.2930223596789775
45.96875,-0.9996988186962042,0.0,-0.46813039741284956
46.0,-1.0,0.0,-0.5338256821451217
46.03125,-0.9996988186962042,0.0,-0.4346606640560481
46.0625,-0.9987954562051723,0.0,-0.2919564998451689
46.09375,-0.9972904566786904,0.0,-0.2717394460672124
46.125,-0.9951847266721969,0.0,-0.05207917964287957
46.15625,-0.9924795345987105,0.0,0.043890384749463926
46.1875,-0.9891765099647812,0.0,0.0068183632830919605
46.21875,-0.9852776423889411,0.0,0.21564584632901643
46.25,-0.9807852804032312,0.0,0.3558587097700542
46.28125,-0.9757021300385288,0.0,0.5699466805178277
46.3125,-0.9700312531945436,0.0,0.4989065812486746
46.34375,-0.9637760657954407,0.0,0.47618544700805765
46.375,-0.956940335732209,0.0,0.3598272878895792
46.40625,-0.949528180593036,0.0,0.46056708918066
46.4375,-0.9415440651830217,0.0,0.4501729486888975
46.46875,-0.9329927988347388,0.0,0.5536335515050285
46.5,-0.9238795325112885,0.0,0.643664445146259
46.53125,-0.9142097557035315,0.0,0.6167913348900966
46.5625,-0.9039892931234431,0.0,0.528431759798652
46.59375,-0.8932243011955171,0.0,0.3170050079613128
46.625,-0.8819212643483556,0.0,0.315516400296106
46.65625,-0.8700869911087108,0.0,0.3886480939017024
46.6875,-0.8577286100002738,0.0,0.3581193956099
46.71875,-0.8448535652497074,0.0,0.2696253557630705
46.75,-0.8314696123025441,0.0,0.252313621303454
46.78125,-0.8175848131515853,0.0,0.3063324595470595
46.8125,-0.8032075314806449,0.0,0.24439987413604333
46.84375,-0.7883464276266091,0.0,-0.0174937194340552
46.875,-0.7730104533627382,0.0,-0.35538067186859473
46.90625,-0.7572088465064841,0.0,-0.29933258844749216
46.9375,-0.7409511253549618,0.0,-0.32543899578594315
46.96875,-0.7242470829514679,0.0,-0.2195509718311381
47.0,-0.7071067811865467,0.0,-0.2739539616532842
47.03125,-0.6895405447370693,0.0,-0.33975641450867344
47.0625,-0.6715589548470189,0.0,-0.2117398448106944
47.09375,-0.6531728429537753,0.0,-0.29021054289667897
47.125,-0.6343932841636476,0.0,-0.3445573473622036
47.15625,-0.6152315905806269,0.0,-0.14820347757316418
47.1875,-0.595699304492437,0.0,0.28655835289450404
47.21875,-0.575808191417847,0.0,0.3283595631542697
47.25,-0.5555702330196017,0.0,0.5310546859923271
47.28125,-0.5349976198871006,0.0,0.24259664977662265
47.3125,-0.5141027441932229,0.0,0.1186975344873018
47.34375,-0.492898192229783,0.0,0.10713262178623661
47.375,-0.4713967368260006,0.0,-0.10536518765996884
47.40625,-0.44961132965460726,0.0,-0.10347862170314633
47.4375,-0.4275550934302804,0.0,-0.07717804425798831
47.46875,-0.40524131400499236,0.0,-0.17897310907929326
47.5,-0.3826834323650899,0.0,-0.10898984504112083
47.53125,-0.3598950365349925,0.0,-0.2502327132505847
47.5625,-0.336889853392222,0.0,-0.42033429207593404
47.59375,-0.31368174039889096,0.0,-0.08916680862479542
47.625,-0.2902846772544662,0.0,0.0966245872210072
47.65625,-0.26671275747489975,0.0,0.1879326395276054
47.6875,-0.2429801799032628,0.0,0.23542554025225593
47.71875,-0.2191012401568731,0.0,0.3155236947840697
47.75,-0.19509032201612905,0.0,0.3815873223846147
47.78125,-0.17096188876029947,0.0,0.46300489911286524
47.8125,-0.14673047445536447,0.0,0.2756610619690575
47.84375,-0.12241067519921636,0.0,0.5320321746768492
47.875,-0.09801714032956527,0.0,0.6146574594274424
47.90625,-0.07356456359966952,0.0,0.7069923642383926
47.9375,-0.049067674327417536,0.0,0.8487640242324267
47.96875,-0.024541228522916337,0.0,0.6541627196840831
48.0,-1.4695761589768238e-15,0.0,0.4915876214593905
48.03125,0.0245412285229134,0.0,0.19534327376994645
48.0625,0.0490676743274146,0.0,0.21068871618857088
48.09375,0.0735645635996666,0.0,0.20849042372221743
48.125,0.09801714032956234,0.0,0.28121835946510354
48.15625,0.12241067519921343,0.0,0.10480707442293483
48.1875,0.14673047445536155,0.0,0.14324260172023012
48.21875,0.17096188876029658,0.0,-0.1030307339886359
48.25,0.19509032201612617,0.0,-0.3957450403547874
48.28125,0.21910124015687021,0.0,-0.22529650597295955
48.3125,0.24298017990325993,0.0,-0.004257438537727462
48.34375,0.2667127574748969,0.0,0.08013454831821161
48.375,0.2902846772544634,0.0,-0.032059348462298715
48.40625,0.3136817403988882,0.0,-0.14078051702926
48.4375,0.3368898533922192,0.0,-0.2525170548736443
48.46875,0.3598950365349897,0.0,-0.1935063405327893
48.5,0.3826834323650872,0.0,-0.23214935991838695
48.53125,0.40524131400498964,0.0,-0.343996258447141
48.5625,0.4275550934302778,0.0,-0.24610952704234249
48.59375,0.44961132965460465,0.0,-0.29970553224044016
48.625,0.471396736825998,0.0,-0.4067198587913201
48.65625,0.49289819222978043,0.0,-0.3862872961554662
48.6875,0.5141027441932204,0.0,-0.3682978818803956
48.71875,0.534997619887098,0.0,-0.293689287589211
48.75,0.5555702330195993,0.0,-0.29640056230140444
48.78125,0.5758081914178446,0.0,-0.45250753047601555
48.8125,0.5956993044924347,0.0,-0.442096581170256
48.84375,0.6152315905806246,0.0,-0.4260797715688871
48.875,0.6343932841636453,0.0,-0.40593471420962707
48.90625,0.6531728429537731,0.0,-0.49418045959470297
48.9375,0.6715589548470168,0.0,-0.402379413822611
48.96875,0.6895405447370672,0.0,-0.4463198627552079
49.0,0.7071067811865446,0.0,-0.2836247692594752
49.03125,0.7242470829514658,0.0,-0.21228724172677216
49.0625,0.7409511253549598,0.0,-0.025814803901913735
49.09375,0.7572088465064822,0.0,0.3325605893386129
49.125,0.7730104533627363,0.0,0.4171917858932764
49.15625,0.7883464276266072,0.0,0.4092524403881941
49.1875,0.8032075314806432,0.0,0.44194949874739964
49.21875,0.8175848131515835,0.0,0.5089875628956269
49.25,0.8314696123025426,0.0,0.4106263605890069
49.28125,0.8448535652497059,0.0,0.45845271796658865
49.3125,0.8577286100002722,0.0,0.10618178861957703
49.34375,0.8700869911087094,0.0,0.08338519879810863
49.375,0.8819212643483543,0.0,-0.0031217287945335577
49.40625,0.8932243011955158,0.0,-0.13629012995881884
49.4375,0.9039892931234418,0.0,-0.3604357292596635
49.46875,0.9142097557035302,0.0,-0.19012799149666104
49.5,0.9238795325112874,0.0,-0.17246993973253244
49.53125,0.9329927988347378,0.0,-0.31879427561740614
49.5625,0.9415440651830207,0.0,-0.19118938256026968
49.59375,0.9495281805930351,0.0,-0.1874223384130067
49.625,0.9569403357322082,0.0,0.040386791604869035
49.65625,0.96377606579544,0.0,0.029600070099299023
49.6875,0.970031253194543,0.0,-0.007971384979702813
49.71875,0.9757021300385281,0.0,-0.16972641814080758
49.75,0.9807852804032307,0.0,0.05471912834955054
49.78125,0.9852776423889407,0.0,-0.019398623568220356
49.8125,0.9891765099647808,0.0,-0.04969383672428503
49.84375,0.9924795345987102,0.0,-0.08068221692574645
49.875,0.9951847266721966,0.0,-0.07639001418879882
49.90625,0.9972904566786902,0.0,-0.06984694207243251
49.9375,0.9987954562051722,0.0,-0.09677497737689483
49.96875,0.9996988186962041,0.0,-0.08023802292034654
50.0,1.0,0.0,-0.1037871866728722
50.03125,0.9996988186962044,0.0,-0.00975695677580794
50.0625,0.9987954562051725,0.0,-0.10885593304347552
50.09375,0.9972904566786902,0.0,-0.06416757456511463
50.125,0.9951847266721973,0.0,-0.19784873813655207
50.15625,0.9924795345987101,0.0,-0.043014099161814943
50.1875,0.9891765099647808,0.0,-0.11933307084092643
50.21875,0.9852776423889418,0.0,-0.2222515691957228
50.25,0.9807852804032305,0.0,-0.12955690065845107
50.28125,0.9757021300385297,0.0,-0.2765606339734891
50.3125,0.9700312531945445,0.0,-0.2340595821687526
50.34375,0.9637760657954398,0.0,-0.308240201191487
50.375,0.9569403357322102,0.0,-0.4913107834674818
50.40625,0.9495281805930372,0.0,-0.6069241456648438
50.4375,0.9415440651830205,0.0,-0.38510798897292436
50.46875,0.9329927988347402,0.0,-0.39458350134975556
50.5,0.9238795325112872,0.0,-0.4536567891287261
50.53125,0.91420975570353,0.0,-0.2786755263697592
50.5625,0.9039892931234447,0.0,-0.3555340025313375
50.59375,0.8932243011955155,0.0,-0.09101820844818592
50.625,0.8819212643483574,0.0,-0.031070399675740448
50.65625,0.8700869911087126,0.0,-0.04454150302103639
50.6875,0.857728610000272,0.0,0.09316866424448168
50.71875,0.8448535652497094,0.0,0.14006135200879924
50.75,0.8314696123025462,0.0,0.023994347727656323
50.78125,0.8175848131515833,0.0,-0.08316714840472697
50.8125,0.8032075314806472,0.0,-0.0014751644080416466
50.84375,0.788346427626607,0.0,-0.05840349266183542
50.875,0.773010453362736,0.0,-0.11638471235367637
50.90625,0.7572088465064866,0.0,-0.2618119823476113
50.9375,0.7409511253549594,0.0,-0.30233137305777835
50.96875,0.7242470829514703,0.0,-0.27255704788339263
51.0,0.7071067811865492,0.0,-0.18239507091802498
51.03125,0.6895405447370668,0.0,-0.19987117562256895
51.0625,0.6715589548470217,0.0,-0.1109884589146768
51.09375,0.6531728429537781,0.0,-0.07244265841841868
51.125,0.6343932841636449,0.0,-0.13110554322461684
51.15625,0.6152315905806298,0.0,-0.019299555772422372
51.1875,0.5956993044924342,0.0,0.03051270474759601
51.21875,0.5758081914178441,0.0,-0.11400498186640051
51.25,0.5555702330196048,0.0,-0.11674184237977134
51.28125,0.5349976198870977,0.0,-0.13467621784757877
51.3125,0.5141027441932261,0.0,-0.060298273837231076
51.34375,0.4928981922297862,0.0,-0.019078014337651206
51.375,0.4713967368259976,0.0,0.10881968994347682
51.40625,0.44961132965461054,0.0,0.03877194613262186
51.4375,0.42755509343028375,0.0,-0.04073189204191416
51.46875,0.4052413140049892,0.0,-0.37160341479554815
51.5,0.3826834323650933,0.0,-0.255174726633313
51.53125,0.3598950365349893,0.0,-0.06936754414450536
51.5625,0.3368898533922188,0.0,-0.2424030218208409
51.59375,0.31368174039889446,0.0,-0.22755447435714393
51.625,0.29028467725446294,0.0,-0.3694024802092998
51.65625,0.2667127574749033,0.0,-0.19747853991939138
51.6875,0.24298017990326634,0.0,-0.4746568186691527
51.71875,0.21910124015686974,0.0,-0.31800382766117635
51.75,0.19509032201613266,0.0,-0.22904214801643855
51.78125,0.17096188876030308,0.0,0.000931547445356385
51.8125,0.14673047445536108,0.0,-0.1587676044678154
51.84375,0.12241067519922,0.0,-0.13309913721817648
51.875,0.09801714032956185,0.0,0.11657478866308696
51.90625,0.07356456359966611,0.0,0.12454077526068057
51.9375,0.049067674327421214,0.0,0.10100037156201136
51.96875,0.02454122852291291,0.0,-0.05844971195220241
52.0,-1.9606728399089416e-15,0.0,0.12396607967823234
52.03125,-0.024541228522909724,0.0,-0.03599554182281006
52.0625,-0.04906767432741803,0.0,0.15157774126667803
52.09375,-0.07356456359966293,0.0,0.10360392684122963
52.125,-0.09801714032955869,0.0,0.07062103849591345
52.15625,-0.12241067519921685,0.0,-0.0634357918708433
52.1875,-0.14673047445535792,0.0,-0.2290351054035126
52.21875,-0.17096188876029994,0.0,-0.29905397861709354
52.25,-0.19509032201612952,0.0,-0.13034105074013402
52.28125,-0.21910124015686663,0.0,-0.06578962403586867
52.3125,-0.24298017990326326,0.0,-0.10758539506907894
52.34375,-0.26671275747490025,0.0,0.044278695882398134
52.375,-0.2902846772544599,0.0,-0.20955947820560444
52.40625,-0.31368174039889146,0.0,-0.23806175763890125
52.4375,-0.3368898533922158,0.0,-0.2447973128473932
52.46875,-0.35989503653498633,0.0,-0.19377151735273354
52.5,-0.38268343236509034,0.0,-0.15929990949012912
52.53125,-0.4052413140049863,0.0,-0.05445386714601191
52.5625,-0.42755509343028086,0.0,-0.2512557515279893
52.59375,-0.4496113296546077,0.0,-0.1959584948949224
52.625,-0.47139673682599476,0.0,-0.2486714617210766
52.65625,-0.4928981922297834,0.0,-0.13159809732331043
52.6875,-0.5141027441932233,0.0,-0.11810169225857921
52.71875,-0.5349976198870949,0.0,0.005674152289200617
52.75,-0.5555702330196022,0.0,-0.033591455931226005
52.78125,-0.5758081914178416,0.0,-0.07888114043334425
52.8125,-0.5956993044924317,0.0,-0.14972727829218357
52.84375,-0.6152315905806273,0.0,-0.18353174266711814
52.875,-0.6343932841636425,0.0,-0.006668852828560251
52.90625,-0.6531728429537758,0.0,-0.014572845943223806
52.9375,-0.6715589548470193,0.0,-0.05180358199766846
52.96875,-0.6895405447370645,0.0,-0.048700220171281894
53.0,-0.707106781186547,0.0,0.03973760484732446
53.03125,-0.7242470829514682,0.0,0.04158019984515427
53.0625,-0.7409511253549573,0.0,0.17492350690881817
53.09375,-0.7572088465064845,0.0,0.24985801053668694
53.125,-0.773010453362734,0.0,0.29983112862968625
53.15625,-0.788346427626605,0.0,0.1240244410272652
53.1875,-0.8032075314806452,0.0,-0.05855483621037047
53.21875,-0.8175848131515814,0.0,-0.20809488076625604
53.25,-0.8314696123025445,0.0,-0.23895563266136124
53.28125,-0.8448535652497077,0.0,-0.20729088184431102
53.3125,-0.8577286100002703,0.0,-0.14792329226356338
53.34375,-0.870086991108711,0.0,-0.14579860358276775
53.375,-0.8819212643483558,0.0,-0.0421685433551532
53.40625,-0.8932243011955141,0.0,-0.019053182927365256
53.4375,-0.9039892931234432,0.0,0.009766975864098557
53.46875,-0.9142097557035288,0.0,0.16768709652874517
53.5,-0.923879532511286,0.0,0.30939823736880845
53.53125,-0.9329927988347391,0.0,0.3027230306202341
53.5625,-0.9415440651830195,0.0,0.571734491928556
53.59375,-0.9495281805930362,0.0,0.5754833433415524
53.625,-0.9569403357322092,0.0,0.47728533564900677
53.65625,-0.963776065795439,0.0,0.511827612680009
53.6875,-0.9700312531945438,0.0,0.29192166984764795
53.71875,-0.9757021300385289,0.0,0.3053241752812548
53.75,-0.9807852804032299,0.0,0.48077654066284153
53.78125,-0.9852776423889412,0.0,0.6675143817025302
53.8125,-0.9891765099647802,0.0,0.6714208364375271
53.84375,-0.9924795345987097,0.0,0.7387920401662331
53.875,-0.9951847266721969,0.0,0.6506968946147746
53.90625,-0.9972904566786899,0.0,0.40626551258103605
53.9375,-0.9987954562051723,0.0,0.41050982127573915
53.96875,-0.9996988186962042,0.0,0.38027980545934137
54.0,-1.0,0.0,0.4789898500805961
54.03125,-0.9996988186962042,0.0,0.47000843499000683
54.0625,-0.9987954562051723,0.0,0.458109678766624
54.09375,-0.9972904566786904,0.0,0.30835716251306405
54.125,-0.9951847266721969,0.0,0.28835672410713636
54.15625,-0.9924795345987106,0.0,0.24588030098802813
54.1875,-0.9891765099647812,0.0,0.12851551636879116
54.21875,-0.9852776423889412,0.0,0.06736400427107475
54.25,-0.9807852804032312,0.0,0.15269876170273727
54.28125,-0.9757021300385289,0.0,0.07633241503544592
54.3125,-0.9700312531945438,0.0,0.11760300615865002
54.34375,-0.9637760657954408,0.0,0.023978458468040087
54.375,-0.9569403357322092,0.0,-0.11242100991414214
54.40625,-0.9495281805930361,0.0,0.048780649766450995
54.4375,-0.9415440651830217,0.0,0.03629690759006436
54.46875,-0.932992798834739,0.0,0.08532655645415003
54.5,-0.9238795325112886,0.0,0.16292548933326328
54.53125,-0.9142097557035316,0.0,0.32236017240751
54.5625,-0.9039892931234431,0.0,0.4530520332606145
54.59375,-0.8932243011955172,0.0,0.5374584729272935
54.625,-0.8819212643483557,0.0,0.5595799991413207
54.65625,-0.8700869911087109,0.0,0.41928828366304005
54.6875,-0.8577286100002739,0.0,0.3321256604208864
54.71875,-0.8448535652497076,0.0,0.18687119401557517
54.75,-0.8314696123025443,0.0,0.2696006067457752
54.78125,-0.8175848131515854,0.0,0.22115445538532436
54.8125,-0.803207531480645,0.0,0.06411930175595673
54.84375,-0.7883464276266092,0.0,0.2180712642070353
54.875,-0.7730104533627383,0.0,-0.03399479174651841
54.90625,-0.7572088465064843,0.0,0.010725592090608763
54.9375,-0.7409511253549619,0.0,-0.23063750958392837
54.96875,-0.724247082951468,0.0,0.0552244332416057
55.0,-0.7071067811865468,0.0,0.14638866514706522
55.03125,-0.6895405447370695,0.0,0.04552312108045768
55.0625,-0.6715589548470191,0.0,-0.06418401960593206
55.09375,-0.6531728429537755,0.0,0.0342163150898415
55.125,-0.6343932841636477,0.0,0.2677326106764642
55.15625,-0.6152315905806272,0.0,0.0753328003015597
55.1875,-0.5956993044924372,0.0,0.33587206114276097
55.21875,-0.5758081914178471,0.0,0.24243107332424915
55.25,-0.555570233019602,0.0,0.6540725701864605
55.28125,-0.5349976198871008,0.0,0.5438304808612279
55.3125,-0.5141027441932231,0.0,0.4563202248066808
55.34375,-0.4928981922297832,0.0,0.5823197671827833
55.375,-0.4713967368260008,0.0,0.54284098757386
55.40625,-0.4496113296546075,0.0,0.4118169707859462
55.4375,-0.42755509343028064,0.0,0.2058747836304502
55.46875,-0.4052413140049926,0.0,0.18065781484971355
55.5,-0.3826834323650901,0.0,-0.08938880752650574
55.53125,-0.3598950365349927,0.0,-0.16650650523010593
55.5625,-0.3368898533922222,0.0,-0.5932371954576137
55.59375,-0.31368174039889124,0.0,-0.5240008191833672
55.625,-0.29028467725446644,0.0,-0.52215270178416
55.65625,-0.2667127574749,0.0,-0.5563877035576559
55.6875,-0.242980179903263,0.0,-0.5222738763525295
55.71875,-0.21910124015687332,0.0,-0.6711723365290325
55.75,-0.19509032201612928,0.0,-0.8807323107146787
55.78125,-0.17096188876029972,0.0,-0.950633247387169
55.8125,-0.14673047445536472,0.0,-0.9320461068770988
55.84375,-0.1224106751992166,0.0,-0.8621299794787288
55.875,-0.0980171403295655,0.0,-0.540214303288608
55.90625,-0.07356456359966977,0.0,-0.6480138836157359
55.9375,-0.049067674327417786,0.0,-0.5713169245895201
55.96875,-0.02454122852291658,0.0,-0.5608033941665673
56.0,-1.7145055188062944e-15,0.0,-0.8339614075780653
56.03125,0.024541228522913152,0.0,-0.7507171989320112
56.0625,0.04906767432741436,0.0,-0.25467913978022816
56.09375,0.07356456359966634,0.0,-0.030219581782314014
56.125,0.0980171403295621,0.0,0.12075431077303798
56.15625,0.1224106751992132,0.0,-0.006598111101917908
56.1875,0.1467304744553613,0.0,-0.06321099589464638
56.21875,0.17096188876029633,0.0,-0.2260362050480683
56.25,0.19509032201612592,0.0,-0.2962925194872448
56.28125,0.21910124015687,0.0,-0.2201230222916929
56.3125,0.24298017990325968,0.0,0.07803883780079965
56.34375,0.2667127574748967,0.0,0.21705885142619755
56.375,0.29028467725446316,0.0,-0.0058694486715823516
56.40625,0.31368174039888796,0.0,-0.08762219534163979
56.4375,0.336889853392219,0.0,-0.13977571896099042
56.46875,0.3598950365349895,0.0,-0.0766902845693587
56.5,0.38268343236508695,0.0,-0.16878505058844662
56.53125,0.4052413140049894,0.0,0.06878219526386432
56.5625,0.4275550934302776,0.0,0.04386674287767704
56.59375,0.44961132965460443,0.0,-0.16269047089960995
56.625,0.4713967368259978,0.0,-0.19525139829524746
56.65625,0.4928981922297802,0.0,-0.13061229068392083
56.6875,0.5141027441932202,0.0,-0.170104474933414
56.71875,0.5349976198870978,0.0,-0.21796052807712518
56.75,0.5555702330195991,0.0,-0.26973146113361146
56.78125,0.5758081914178443,0.0,-0.28110773921402893
56.8125,0.5956993044924345,0.0,-0.21587538009429777
56.84375,0.6152315905806244,0.0,-0.17195506809372427
56.875,0.634393284163645,0.0,-0.11198111073833963
56.90625,0.653172842953773,0.0,-0.05422291408973715
56.9375,0.6715589548470166,0.0,-0.16627077984709943
56.96875,0.689540544737067,0.0,-0.2878879501320894
57.0,0.7071067811865444,0.0,-0.23548183597172062
57.03125,0.7242470829514657,0.0,-0.016342760778096932
57.0625,0.7409511253549597,0.0,-0.17193876211493234
57.09375,0.7572088465064821,0.0,-0.13855443942831994
57.125,0.7730104533627362,0.0,-0.13803765806075946
57.15625,0.7883464276266071,0.0,-0.24956714218488013
57.1875,0.803207531480643,0.0,-0.09680659472491632
57.21875,0.8175848131515834,0.0,-0.1675011526803716
57.25,0.8314696123025425,0.0,0.21385259922409564
57.28125,0.8448535652497058,0.0,-0.02463340883184323
57.3125,0.8577286100002721,0.0,-0.09658030444808112
57.34375,0.8700869911087092,0.0,-0.1573231884205476
57.375,0.8819212643483542,0.0,-0.01131268138330116
57.40625,0.8932243011955157,0.0,0.03634335914205665
57.4375,0.9039892931234417,0.0,-0.05920777310190093
57.46875,0.9142097557035301,0.0,-0.06068376189139508
57.5,0.9238795325112873,0.0,-0.1933184760891291
57.53125,0.9329927988347377,0.0,-0.022637416818828325
57.5625,0.9415440651830206,0.0,-0.25997547886261113
57.59375,0.949528180593035,0.0,-0.009910609034183171
57.625,0.9569403357322082,0.0,0.19683147923334773
57.65625,0.9637760657954398,0.0,0.10079886180532459
57.6875,0.9700312531945429,0.0,0.06864957040214878
57.71875,0.9757021300385281,0.0,0.1099140307641584
57.75,0.9807852804032305,0.0,0.13732833421105492
57.78125,0.9852776423889406,0.0,0.2730937897374468
57.8125,0.9891765099647808,0.0,0.37373911429958473
57.84375,0.9924795345987102,0.0,0.3378971256676722
57.875,0.9951847266721966,0.0,0.4725255629133565
57.90625,0.9972904566786902,0.0,0.37511855534489574
57.9375,0.9987954562051722,0.0,0.2043451250691608
57.96875,0.9996988186962041,0.0,0.22661821286174055
58.0,1.0,0.0,0.3041108990336895
58.03125,0.9996988186962044,0.0,0.2825404714641627
58.0625,0.9987954562051725,0.0,0.4307553035174313
58.09375,0.9972904566786902,0.0,0.399286281107069
58.125,0.9951847266721973,0.0,0.3578130506756337
58.15625,0.9924795345987102,0.0,0.5393782802975569
58.1875,0.9891765099647808,0.0,0.3738429849319272
58.21875,0.9852776423889418,0.0,0.3873196105147516
58.25,0.9807852804032305,0.0,0.44389762857905457
58.28125,0.9757021300385297,0.0,0.3171724466477956
58.3125,0.9700312531945446,0.0,0.5212786178016027
58.34375,0.9637760657954398,0.0,0.26572230126334284
58.375,0.9569403357322102,0.0,0.06559443711492345
58.40625,0.9495281805930373,0.0,0.06345677176843004
58.4375,0.9415440651830206,0.0,0.04220970595178236
58.46875,0.9329927988347403,0.0,-0.1661243688857706
58.5,0.9238795325112873,0.0,-0.21031659641153916
58.53125,0.9142097557035301,0.0,0.010873665461873294
58.5625,0.9039892931234448,0.0,0.01007165354860317
58.59375,0.8932243011955157,0.0,0.03584930551123822
58.625,0.8819212643483575,0.0,-0.07732238605629271
58.65625,0.8700869911087127,0.0,0.322039003707588
58.6875,0.8577286100002721,0.0,0.2660593524773395
58.71875,0.8448535652497096,0.0,0.21402986241286626
58.75,0.8314696123025463,0.0,0.30599386449180166
58.78125,0.8175848131515834,0.0,0.43061511804937397
58.8125,0.8032075314806473,0.0,0.3932152113806979
58.84375,0.7883464276266071,0.0,0.22297325255132827
58.875,0.7730104533627362,0.0,0.1484650722438941
58.90625,0.7572088465064867,0.0,0.33995921450298405
58.9375,0.7409511253549597,0.0,0.18136223070833515
58.96875,0.7242470829514706,0.0,-0.12272392962833159
59.0,0.7071067811865495,0.0,0.008511595774725201
59.03125,0.689540544737067,0.0,-0.010749355460804855
59.0625,0.6715589548470218,0.0,-0.2909572259100833
59.09375,0.6531728429537783,0.0,-0.29311407825110203
59.125,0.634393284163645,0.0,-0.36648472901263773
59.15625,0.61523159058063,0.0,-0.1704944515979937
59.1875,0.5956993044924345,0.0,-0.2122846892325957
59.21875,0.5758081914178443,0.0,-0.34955655034744243
59.25,0.5555702330196051,0.0,-0.3699304914168578
59.28125,0.5349976198870978,0.0,-0.23391753856694464
59.3125,0.5141027441932263,0.0,-0.18049054421137972
59.34375,0.4928981922297864,0.0,-0.33740420612031763
59.375,0.4713967368259978,0.0,-0.03921816954555088
59.40625,0.44961132965461076,0.0,-0.0633629299411449
59.4375,0.427555093430284,0.0,0.12490516420608416
59.46875,0.4052413140049894,0.0,-0.033905474554971046
59.5,0.3826834323650935,0.0,0.05697332890849987
59.53125,0.3598950365349895,0.0,0.054802482994833104
59.5625,0.336889853392219,0.0,0.23362522898326726
59.59375,0.31368174039889474,0.0,0.12067923218570459
59.625,0.29028467725446316,0.0,0.06174385179556956
59.65625,0.26671275747490353,0.0,0.11930709099990516
59.6875,0.2429801799032666,0.0,0.07777433147886886
59.71875,0.21910124015687,0.0,0.05683864257293597
59.75,0.19509032201613288,0.0,-0.05664020992037912
59.78125,0.17096188876030333,0.0,0.09170464062221319
59.8125,0.1467304744553613,0.0,0.24439333643303837
59.84375,0.12241067519922025,0.0,0.24337258923454588
59.875,0.09801714032956209,0.0,0.11722231832797608
59.90625,0.07356456359966634,0.0,0.2108194783108513
59.9375,0.04906767432742146,0.0,0.2227389631641247
59.96875,0.024541228522913152,0.0,0.3525441979340145
